id,timestamp,Camel,Chamois,Jaguar,Kitten,Lion,Monkey,Nessie,Panda,Red_Fox,Sheep,Stingray,Teddy_bear,Wolverine,sum
1,10:12:50.984658,88000,31800,16700,850,77875,48000,42000,71350,44389,850,10490,1389,10100,443793
2,10:14:53.122749,91599,31800,16700,850,77875,48000,41000,71350,42000,850,10490,1389,10100,444003
3,10:16:55.231768,91599,31800,16700,850,77875,48000,43990,71350,42000,850,10490,1389,10100,446993
4,10:18:56.503265,91599,31800,16700,850,77875,48000,43990,71350,42000,850,10490,1389,10100,446993
5,10:20:59.042665,91600,31800,16700,850,77800,48000,43990,71350,42000,850,10400,1299,10100,446739
6,10:23:02.782410,91600,31800,16700,850,77800,48000,43990,71350,42000,850,10400,1299,10100,446739
7,10:25:04.950873,91600,31975,16700,850,77800,48000,43990,71350,42000,860,10400,1299,10100,446924
8,10:27:07.052890,91600,31975,16700,900,77800,48000,43990,71350,42000,857,10400,1297,10100,446969
9,10:29:08.333919,91600,31974,16700,898,77800,47999,43990,71345,42000,850,10490,1297,10100,447043
10,10:31:10.433961,91600,31974,16999,898,77800,47999,44000,71345,42000,850,10490,1299,10100,447354
11,10:33:12.806712,91600,31974,17000,898,77800,47999,44000,71345,42000,850,10490,1299,10100,447355
12,10:35:15.056207,91600,31974,17000,898,77800,47999,44000,71345,42000,850,10000,1299,9997,446762
13,10:37:17.122907,91600,31974,17075,940,75500,47999,44000,71345,42000,857,10490,1299,10100,445179
14,10:39:18.501125,90500,31000,17075,940,75000,47999,44000,71345,42000,857,10490,1299,10100,442605
15,10:41:20.713844,91600,31000,17075,940,75000,47999,44000,71345,42000,857,10490,1299,10100,443705
16,10:43:22.880818,91600,31000,17075,940,75000,47999,44000,71345,42000,857,10490,1299,10100,443705
17,10:45:24.885346,91600,30500,17075,940,75000,47500,44000,71350,42000,857,10485,1299,10100,442706
18,10:47:26.875843,91600,30500,17075,887,74999,47500,44000,71350,42000,857,10485,1299,10100,442652
19,10:49:29.018122,91700,30950,17075,886,73000,47500,44000,71350,42000,857,10485,1299,10201,441303
20,10:51:32.572788,91800,31000,17077,887,75500,47500,44000,71350,44389,857,10485,1389,10500,446734
21,10:53:34.620462,91800,31974,17077,880,75500,47999,44000,71350,44389,857,10485,1389,10500,448200
22,10:55:36.750718,92450,32300,17077,880,75500,47999,44000,71350,44389,857,10485,1389,10500,449176
23,10:57:38.823621,92450,32998,17077,880,77800,47999,44300,71350,44389,857,10485,1389,10500,452474
24,10:59:40.116779,92450,32998,17000,880,77800,47999,44300,71350,44389,857,10485,1389,10500,452397
25,11:01:42.125880,92450,32998,17000,880,77800,47998,44300,70999,44389,857,10485,1389,10500,452045
26,11:03:44.142140,92000,31000,16500,650,77500,47000,43500,68000,42500,500,10000,750,9750,439650
27,11:05:46.524872,92000,32998,16950,880,77500,47500,43500,70999,42500,857,10485,1389,9999,447557
28,11:07:48.657099,92000,32998,16950,880,77500,47000,43500,70999,42500,857,10485,1389,9999,447057
29,11:09:50.748362,92000,32998,16950,880,77500,47000,43500,71350,42500,857,10485,1389,9999,447408
30,11:11:52.986162,91795,32998,16950,880,77500,47000,43500,71350,42500,857,10485,1389,9999,447203
31,11:13:55.058365,91790,32993,16945,880,77500,47000,43500,71345,42500,857,10480,1300,9999,447089
32,11:15:57.342855,91790,32988,16700,880,77500,47500,43500,71340,42500,857,10480,1299,9999,447333
33,11:17:59.502420,91750,32983,16700,880,77500,47975,43500,71340,42500,857,10480,1299,9999,447763
34,11:20:03.424039,91750,32983,16945,880,77500,47975,43500,71340,42500,857,10480,1299,9999,448008
35,11:22:05.527588,91750,32983,16945,880,77500,47975,43500,71340,42500,857,10480,1299,9999,448008
36,11:24:07.996881,90000,32983,16945,880,77500,47975,43500,71049,42500,857,10480,1299,9999,445967
37,11:26:10.048010,90000,31000,16945,750,77500,47975,43500,70000,42500,830,10480,1299,9999,442778
38,11:28:12.059678,91499,32982,16945,750,77500,48000,44200,71000,44389,830,10480,1299,10500,450374
39,11:30:14.528076,91300,32975,16945,950,77480,47700,44195,71000,44389,830,10480,1299,10500,450043
40,11:32:16.858824,91499,32975,16999,950,77480,47700,44000,71000,44389,830,10480,1299,10500,450101
41,11:34:19.239120,91499,32975,16999,950,77480,47500,44000,70900,44389,950,10480,1299,10300,449721
42,11:36:21.354188,90000,32500,16999,950,76499,47500,44000,70900,44389,950,10480,1299,10300,446766
43,11:38:24.096484,90000,32500,16999,950,76499,47500,44000,65500,44389,950,9500,1299,10000,440086
44,11:40:26.138668,90000,32500,16994,950,76498,47495,44000,70900,44389,950,10480,1299,10000,446455
45,11:42:28.179238,90000,32500,16994,887,74850,47495,43500,70900,43500,857,10480,1299,9500,442762
46,11:44:32.265308,91499,32975,16994,887,74850,47495,43500,70900,43500,857,10480,1299,9500,444736
47,11:46:34.284248,92000,32975,17000,887,76498,47495,43500,71000,43500,857,10480,1299,9500,446991
48,11:48:36.559767,92000,32975,17000,887,76498,47950,44200,71045,44389,857,10480,1299,10300,449880
49,11:50:38.523351,92449,32970,17077,887,76497,47950,44200,71045,44389,857,10490,1299,10300,450410
50,11:52:40.613465,92449,32950,17077,887,76497,47925,44200,71045,44389,857,10475,1299,10275,450325
51,11:54:43.219064,92449,32950,17077,887,76497,47925,44200,71045,44389,857,10475,1299,10275,450325
52,11:56:45.285963,92449,32970,17077,887,76497,47925,44200,71045,44389,857,10475,1299,10275,450345
53,11:58:47.390644,92449,32974,17077,950,76000,47925,44200,71000,44375,857,10475,1299,10275,449856
54,12:00:50.029582,92449,32974,17077,950,76000,47925,44200,71000,44375,857,10475,1299,10275,449856
55,12:02:52.103587,92449,32900,16900,950,75000,47925,44200,71045,44375,857,10470,1299,10300,448670
56,12:04:54.191588,92449,32900,16900,950,75000,47925,44200,71045,44375,857,10470,1299,10300,448670
57,12:06:56.815096,91000,32500,17050,950,75000,47925,44200,71045,44375,857,10470,1290,10300,446962
58,12:08:58.983936,91000,32500,17050,950,75000,47925,44200,71045,44375,857,10470,1290,10300,446962
59,12:11:02.737619,91000,32900,17050,700,76000,47200,44200,71045,44375,857,10470,1290,10300,447387
60,12:13:04.826252,92449,32899,17077,700,76490,48000,44140,71045,44375,857,10470,1290,10299,450091
61,12:15:08.871189,92449,32899,17077,700,76498,48000,44200,71045,44375,857,10470,1299,10299,450168
62,12:17:12.364256,92449,32899,17077,700,76498,48300,44200,71045,44375,857,10470,1299,10299,450468
63,12:19:13.790719,92449,32899,17077,699,76498,48300,44200,71045,44375,857,10470,1299,10299,450467
64,12:21:15.879957,92449,32899,17077,700,76498,48300,44200,71045,44375,857,10400,1299,10299,450398
65,12:23:17.989220,92449,32899,17077,700,76498,48300,44199,70900,43999,857,10400,1299,10299,449876
66,12:25:20.098501,92449,32894,17000,972,76493,48300,44000,70900,43999,962,10400,1250,10299,449918
67,12:27:22.231200,92449,32894,17000,972,76493,48300,44194,70900,43999,962,10400,1250,10298,450111
68,12:29:24.100408,92449,32894,17000,750,76493,48300,44194,70900,43999,857,10400,1250,10298,449784
69,12:31:26.463196,92449,32894,17000,972,76493,48300,44194,70900,43999,962,10400,1250,10298,450111
70,12:33:28.479826,91995,32894,17000,972,76000,48300,44194,70900,43999,962,10400,1250,10298,449164
71,12:35:32.037283,91995,32800,17000,972,76000,48300,44193,70900,43999,962,10400,1250,10298,449069
72,12:37:34.227753,91995,32800,16950,972,76000,48300,44193,70900,43990,900,10400,1250,10295,448945
73,12:39:36.229602,90069,32800,16950,972,76000,48300,44193,70900,43999,900,10400,1250,10295,447028
74,12:41:38.591884,90069,32900,16950,972,76000,48300,44193,70900,43999,900,10000,1250,10295,446728
75,12:43:40.588610,91995,32859,17000,900,76000,48300,44193,70900,43999,890,10000,1250,10250,448536
76,12:45:42.607663,91995,32859,17000,900,76000,48295,44193,70900,43994,890,10000,1250,10250,448526
77,12:47:44.579891,92000,32859,17000,900,76000,48295,44193,70900,43999,890,10400,1299,10295,449030
78,12:49:46.533079,92000,32859,17000,900,76000,48290,44193,70900,43999,890,10400,1299,10295,449025
79,12:51:49.756712,92000,32859,17000,887,76000,48290,44193,70900,43999,890,10400,1299,10295,449012
80,12:53:52.093455,92000,32859,17000,887,76000,48290,44200,70900,43999,890,10400,1299,10295,449019
81,12:55:54.258622,92449,32859,17000,887,76000,48290,44300,70900,43999,890,10400,1299,10295,449568
82,12:57:56.308654,92399,32859,17000,887,76000,48285,44194,70900,43994,890,10400,1294,10295,449397
83,12:59:58.574617,92399,32859,17000,850,76000,48285,44194,70895,43994,845,10400,1294,10200,449215
84,13:02:02.228593,92399,32859,16999,900,76000,48290,44000,70895,43500,962,10390,1294,10200,448688
85,13:04:04.348074,92399,32859,16900,900,76000,48290,44000,70895,43500,962,10390,1294,10000,448389
86,13:06:06.386449,92399,32859,16900,895,76000,47000,44000,70895,43500,962,10390,1289,10200,447289
87,13:08:08.495004,92399,32859,16900,900,76000,47000,44193,70895,43500,962,10300,1289,10200,447397
88,13:10:10.707217,92000,32859,16850,900,76000,47000,44193,70895,43500,962,10300,1294,8976,445729
89,13:12:13.167427,91999,32859,15000,900,76000,45000,43999,70895,41000,962,10000,1294,8976,438884
90,13:14:15.862659,90000,32859,15000,887,76000,45000,43999,70895,41000,857,10300,1294,10200,438291
91,13:16:17.944711,91999,32859,16850,900,76000,45000,44193,70895,41000,962,10300,1294,10200,442452
92,13:18:20.010175,91999,32859,16700,875,75500,45000,44193,70895,41000,750,10300,1294,10200,441565
93,13:20:22.223575,91999,32859,16700,875,75500,45000,44193,70895,41000,750,10300,1294,10200,441565
94,13:22:24.374884,91999,32859,16489,875,75500,45000,44193,70895,41000,750,10300,1294,10200,441354
95,13:24:26.463913,91999,32859,16489,800,75500,45000,44193,70895,42999,750,10300,1294,10200,443278
96,13:26:28.748168,91000,32399,16489,800,75500,46999,44000,70895,42999,750,10300,1124,10199,443454
97,13:28:32.497270,91950,32399,16700,800,75495,46999,44000,70500,42995,750,10300,1124,10199,444211
98,13:30:34.526252,91950,32399,16700,800,75495,46999,44000,70500,42995,750,10300,1294,10199,444381
99,13:32:36.740448,91950,31000,16700,800,75495,46999,43900,70895,40000,750,10300,1299,10200,440288
100,13:34:38.765096,91950,31000,16695,795,75490,46000,43900,69000,39995,745,10200,1294,10000,437064
101,13:36:41.131745,91950,31000,16500,795,75490,46994,43900,69000,39995,745,10200,1294,10200,438063
102,13:38:43.332670,91950,31000,16500,800,75490,46994,43888,69000,39995,750,10175,1294,10200,438036
103,13:40:45.507124,91950,31000,16500,875,75490,46500,43888,69000,39995,750,10175,1299,10100,437522
104,13:42:47.617003,91950,31000,16500,875,75490,46000,43888,69000,40000,750,10175,1299,10100,437027
105,13:44:49.775707,91950,31000,16500,875,75490,46000,43888,65000,40000,750,10175,1299,10100,433027
106,13:46:51.876361,91950,31000,16500,875,75490,46000,43888,65000,40000,750,9995,1299,10100,432847
107,13:48:53.879756,91950,31000,16500,875,75490,46000,43888,65000,40000,750,9995,1299,10100,432847
108,13:50:56.058270,91950,31000,16500,875,75490,46000,43888,69000,40000,750,9995,1299,10100,436847
109,13:52:58.016126,91950,30995,16500,875,75490,46000,43888,68995,39995,750,9995,1299,10100,436832
110,13:55:00.140179,91900,30995,16500,875,75490,45995,43888,68995,40000,750,9995,1299,10100,436782
111,13:57:03.425034,91950,30995,16500,874,75490,45995,43887,68995,42999,749,9995,999,10100,439528
112,13:59:05.536123,91950,30995,16500,874,75485,45995,43887,70500,40000,749,9995,1200,10100,438230
113,14:01:07.856450,91950,30995,16500,874,75485,45995,43887,70000,40000,749,9995,1149,10100,437679
114,14:03:09.990685,91950,30900,16500,874,75485,45995,43887,70000,42999,749,9995,1149,10100,440583
115,14:05:12.210732,91950,30900,16500,874,75485,45995,43887,70000,42999,749,9990,1149,10100,440578
116,14:07:14.345978,91950,30900,16500,874,75485,45995,43887,70000,42999,749,9990,1149,10100,440578
117,14:09:16.693294,91950,30800,16500,874,74999,45990,43887,70000,42999,700,9985,1149,10100,439933
118,14:11:18.822769,91999,30800,16500,874,75480,45990,43887,70000,42999,700,9985,1298,10100,440612
119,14:13:21.467480,91999,30800,16489,874,75480,45980,42000,69000,42987,675,9985,1298,10087,437654
120,14:15:23.580081,91999,30500,16489,874,75475,45800,42000,70000,42987,675,9987,1298,10087,438171
121,14:17:25.723398,91999,30500,16489,874,75475,45800,42000,70000,42987,675,9987,1298,10087,438171
122,14:19:27.846171,91999,30500,16489,874,75475,45800,42000,70890,40000,675,9987,1298,10087,436074
123,14:21:29.924684,91999,30500,16250,874,75475,45800,42000,70890,42987,675,9987,1298,10087,438822
124,14:23:32.526901,91999,30500,16250,874,75475,45800,43700,70890,42975,675,9987,1298,10087,440510
125,14:25:34.669437,91999,30500,16250,874,75475,45800,43700,70890,42975,500,9987,1298,10087,440335
126,14:27:36.785407,90750,30400,16250,874,75475,45800,43700,70895,42900,675,9987,1298,10087,439091
127,14:29:38.870842,90750,30400,16250,874,75475,45800,43700,70895,42900,675,9987,1298,10087,439091
128,14:31:40.925346,90750,30400,16250,874,75475,45000,43700,70895,42900,675,9995,1298,10100,438312
129,14:33:43.083500,90000,30400,16250,850,75475,45000,43595,70890,42800,675,10100,1293,10100,437428
130,14:35:45.211849,90450,30400,16250,850,75475,45000,43595,70890,42800,675,10300,1293,10199,438177
131,14:37:47.242931,90450,30399,16250,850,75475,45000,43595,70587,42799,675,10300,1100,10199,437679
132,14:39:49.678374,90450,30399,16500,874,75475,45000,43595,70587,42799,675,10300,1100,10200,437954
133,14:41:51.816577,90450,30500,16500,874,75475,45800,43595,70587,42975,675,10300,1293,10000,439024
134,14:43:53.929228,90450,30500,16700,880,71999,45800,43595,70890,42999,675,10350,1298,10250,436386
135,14:45:56.215986,90450,30000,16700,900,70000,45800,43550,70000,42999,650,10350,1298,10000,432697
136,14:47:58.263512,91000,30000,16700,900,70000,45800,43550,70000,42999,962,10350,1298,10250,433809
137,14:50:02.349194,90999,30500,16700,900,71995,45800,43550,70000,42999,962,10350,1298,10250,436303
138,14:52:04.631982,90999,30500,16900,900,71995,45800,43595,70890,42999,900,10000,1298,10250,437026
139,14:54:05.949801,90999,30500,16850,900,71999,45800,43595,70890,42999,900,10000,1298,10249,436979
140,14:56:07.970283,90999,30500,16850,900,71999,45800,43595,70890,43000,900,10000,1298,10249,436980
141,14:58:10.618387,90999,30500,16850,900,71999,45800,43595,70890,43000,900,10000,1298,10249,436980
142,15:00:12.624037,90999,30500,16850,880,71999,45800,43595,70890,43000,850,10000,1298,10249,436910
143,15:02:15.152941,90900,30500,16850,880,71999,45800,43595,70890,43000,850,10000,1298,10249,436811
144,15:04:17.218603,90900,30500,16489,880,71999,45995,43595,70890,42987,850,9987,1298,10249,436619
145,15:06:19.361432,90900,30500,16489,880,71998,45994,43592,70586,42587,850,10000,1298,10249,435923
146,15:08:21.484673,90900,30250,15400,880,71998,42900,39900,70586,42587,850,10000,1298,10249,427798
147,15:10:23.636416,90000,30000,15400,875,70000,42900,39900,70586,42587,850,10000,1298,9990,424386
148,15:12:25.971499,90969,30250,15400,880,70000,42895,39900,70586,42587,900,10000,1298,9990,425655
149,15:14:27.367511,90969,30500,16845,900,71998,42895,39900,70581,42987,900,10000,1298,9990,429763
150,15:16:29.557264,90969,30500,16845,900,75480,45994,43592,70586,43000,900,10000,1298,9990,440054
151,15:18:33.259746,90969,30500,16845,900,75480,47900,43592,70586,43000,900,10000,1298,9990,441960
152,15:20:35.358631,90969,30500,16845,900,75480,47900,43592,70586,43000,900,10000,1298,9990,441960
153,15:22:37.753743,90969,30500,16845,900,75480,47900,43592,70586,43000,900,10000,1298,9990,441960
154,15:24:40.728337,90969,30500,16845,900,75480,47900,43592,70500,43000,900,10000,1298,9990,441874
155,15:26:42.737792,90990,30500,16845,900,75480,47900,43592,70499,42999,900,10000,1200,9990,441795
156,15:28:44.895329,90990,30900,16845,900,75480,47900,43592,70499,42999,900,10000,1200,10000,442205
157,15:30:46.938021,90999,30900,16845,885,75480,47900,40000,70586,43000,855,10000,1298,9999,438747
158,15:32:48.998855,90495,30895,16845,880,70000,47895,40000,70586,43000,855,9999,1298,9999,432747
159,15:34:51.117745,90495,30895,16845,880,75480,47890,43592,70500,43000,855,9999,1200,9999,441630
160,15:36:53.076154,90495,30895,16845,880,75480,47890,43592,70500,43000,855,9999,1200,9999,441630
161,15:38:55.201287,90495,30894,16666,880,75480,47500,40500,70500,41000,855,9999,1298,9999,436066
162,15:40:57.827248,90999,30894,16666,880,75480,47500,40000,70586,41000,855,9999,1298,9999,436156
163,15:43:01.815070,90500,30900,16845,880,75480,47500,43592,70586,43999,855,9999,1298,10000,442434
164,15:45:04.026108,90000,31000,10000,880,75480,47000,43595,70890,43999,855,10000,1298,10000,434997
165,15:47:06.222000,90000,31000,16845,880,75480,47000,43595,70500,43999,855,10000,1298,10000,441452
166,15:49:08.266359,90000,31000,16845,880,75480,47000,43595,70500,43999,855,10000,1298,10000,441452
167,15:51:10.345598,90999,31000,16845,880,75480,47000,43590,70587,43999,855,10000,1298,10000,442533
168,15:53:12.414437,90999,31000,16845,500,75480,47000,43590,70890,43999,400,10000,200,10000,440903
169,15:55:15.655442,90950,32000,17000,880,75480,47000,43000,70000,43999,855,10125,1298,10000,442587
170,15:57:17.930174,90950,32000,17000,880,75480,46995,43590,70900,43999,855,10344,1298,10000,444291
171,15:59:19.971425,90950,32000,17000,880,72000,46995,43588,70900,43999,800,10344,1298,10249,441003
172,16:01:22.101751,90950,32000,17000,900,75480,46995,43588,70900,43999,950,10344,1298,10000,444404
173,16:03:24.228635,90950,32000,16950,900,75480,46995,43588,70900,43999,950,10344,1000,10249,444305
174,16:05:26.832222,91339,32000,16950,900,75480,46995,43590,70900,43999,950,10344,1300,10249,444996
175,16:07:28.914918,91339,32300,16999,900,76000,47500,43595,70900,44000,950,10344,1300,10249,446376
176,16:09:32.773255,91339,32300,16999,900,76000,48000,43595,70900,44499,950,10344,1300,10249,447375
177,16:11:34.732437,91300,32300,16999,850,76000,48000,43595,70900,44499,850,10344,1200,10249,447086
178,16:13:36.800965,90000,32300,16999,850,76000,48000,43595,70900,44499,850,10344,1200,10249,445786
179,16:15:38.909504,90000,32300,16999,850,76000,48000,43595,70900,42499,850,10344,1300,10249,443886
180,16:17:41.035060,91200,32295,16999,850,76000,48000,43595,70900,44499,850,10344,1300,10249,447081
181,16:19:43.348089,91199,32859,16999,850,76000,48000,43595,70900,44499,850,10400,1300,10299,447750
182,16:21:45.457247,91339,32850,16950,850,76000,48000,43595,70900,44499,825,10295,1300,10299,447702
183,16:23:47.781028,91339,32859,16999,900,76000,48000,43595,70900,44499,950,10400,1300,10500,448241
184,16:25:49.802802,91177,32859,16999,900,76000,48000,43595,70900,44494,950,10400,1300,10500,448074
185,16:27:52.143501,91172,32854,16900,860,75000,47995,43590,70895,43995,945,10400,1290,10495,446391
186,16:29:54.215745,91172,32854,16900,860,75995,47995,43590,70895,43995,950,10400,1333,10495,447434
187,16:31:56.320260,91172,32854,17000,860,75995,47995,43590,70895,44494,950,10400,1333,10294,447832
188,16:33:57.612566,91339,32853,16824,799,76000,47995,43589,70900,43999,950,10400,1198,10294,447140
189,16:36:01.083055,91339,32853,16850,860,76000,47995,43877,70900,44494,990,10450,1333,10294,448235
190,16:38:03.152066,91339,32853,16850,972,76000,47995,43887,70900,44494,990,10450,1333,10294,448357
191,16:40:05.338584,91339,32853,17000,972,76000,47995,43887,70900,44494,990,10450,1333,10294,448507
192,16:42:07.637859,91300,32853,17000,972,75000,48000,43887,70900,44494,990,10450,1333,10294,447473
193,16:44:09.750090,91300,32853,17000,972,75000,48000,43887,70900,44494,990,10450,1333,10294,447473
194,16:46:11.942278,91338,32853,17000,950,75000,48000,43887,70900,44494,990,10450,1333,10294,447489
195,16:48:14.332039,91338,32853,17000,999,75000,48000,43887,70900,44494,990,10450,1333,10294,447538
196,16:50:16.423103,91338,32853,17000,879,75999,48000,43887,70900,44494,989,10450,1333,10294,448416
197,16:52:18.732880,90000,32659,17000,999,75997,48000,43887,70900,44494,989,10450,1333,10294,447002
198,16:54:20.757254,90000,32659,17000,999,75997,48000,43887,70900,44494,989,10450,1333,10493,447201
199,16:56:23.356213,90000,32659,17000,999,75995,48000,43887,70900,44494,989,10450,999,10493,446865
200,16:58:25.326898,90000,32500,17000,999,75995,48000,43887,70000,44000,989,10175,1333,10250,445128
201,17:00:27.353954,90000,32500,17000,800,75995,48000,43887,70900,44000,989,10175,1333,10250,445829
202,17:02:29.368696,90000,32500,17000,800,75995,48000,43887,70900,44000,989,10175,1333,10250,445829
203,17:04:32.987912,90000,32495,17000,800,75000,48000,43887,70900,43995,989,10175,1333,10250,444824
204,17:06:35.189892,90000,32495,17000,800,75000,48000,43887,70900,43995,989,10175,1333,10250,444824
205,17:08:37.309299,89994,32490,17000,800,75000,48000,43887,70900,43000,989,10175,1333,10250,443818
206,17:10:39.363520,89994,32490,16950,800,75000,47950,43887,71045,42799,989,10174,1300,10250,443628
207,17:12:41.364471,89994,32490,16000,999,75000,47950,43000,71045,42000,989,10100,1300,10250,441117
208,17:14:42.645318,89994,32490,16700,999,74995,47950,43000,71045,42000,989,10100,1333,10250,441845
209,17:16:44.604187,89999,32490,16700,880,74995,47950,43000,71045,42000,989,10100,1389,10250,441787
210,17:18:46.528389,89999,32490,16500,999,74995,47950,43887,71045,42000,989,10100,1389,10250,442593
211,17:20:48.581080,91338,32490,16700,999,75000,47950,43887,71045,42799,989,10174,1389,10250,445010
212,17:22:50.594863,91338,32485,17000,999,75000,47900,43887,71045,44000,989,10450,1389,10245,446727
213,17:24:53.137400,91338,32485,17000,900,75000,47900,43887,71045,44000,989,10250,1389,10245,446428
214,17:26:55.170563,91300,32485,17000,900,75000,47900,43887,71045,44000,989,10449,1389,10245,446589
215,17:28:57.289348,91300,32485,17000,900,75995,47900,43887,71045,44000,989,10449,1389,10245,447584
216,17:30:59.331152,91300,32485,17000,900,75995,48000,43887,71040,44000,989,10449,1389,10245,447679
217,17:33:03.099169,90000,32485,17000,900,75995,48000,43887,71040,44000,884,10449,1389,10245,446274
218,17:35:05.328132,90000,32485,17000,900,75995,48000,43887,71040,43925,884,10449,1389,10245,446199
219,17:37:07.312884,90000,32485,17000,850,75995,48000,43887,71001,43925,800,10200,1389,10244,445776
220,17:39:09.439342,91339,32000,16750,850,75995,48000,43800,71001,43925,800,10190,1389,10244,446283
221,17:41:11.669035,91000,32000,16900,850,75995,48000,43800,71040,43925,800,10190,1389,10244,446133
222,17:43:14.084578,91000,32000,16900,850,75990,48000,43799,71040,43920,800,10190,1389,10244,446122
223,17:45:16.588591,91000,31990,16900,850,75990,48000,43799,71000,43920,800,10185,1389,10244,446067
224,17:47:18.608586,91000,31990,16898,850,75990,48000,43799,71000,43920,800,10185,1389,10244,446065
225,17:49:20.731907,91339,31990,16898,850,75990,48000,43799,71000,43915,795,10180,1295,10244,446295
226,17:51:24.026876,91339,31990,16898,850,75995,48000,43799,71040,43915,795,10180,1295,10244,446340
227,17:53:26.090915,91339,31990,16750,850,75995,47980,43799,71045,43915,795,10190,1290,9800,445738
228,17:55:28.511068,91339,31989,16750,850,75995,47980,43794,71045,43910,795,10190,1290,9800,445727
229,17:57:31.293040,91339,31989,16750,900,75990,47980,43794,71045,43910,835,10190,1295,9800,445817
230,17:59:33.255286,91339,31989,16898,900,75990,47995,43794,71045,43910,835,10189,1295,10000,446179
231,18:01:35.354268,91339,31989,16898,900,75990,47995,43799,71045,43915,835,10189,1389,10000,446283
232,18:03:37.660008,91339,31989,16898,900,75985,47995,43799,71045,43915,835,10189,1400,10000,446289
233,18:05:40.115321,91339,31900,16898,900,75985,48000,43799,71045,43920,835,10000,1400,10000,446021
234,18:07:42.092711,91339,31900,16750,900,75995,48000,43799,71045,43920,835,10000,1400,10245,446128
235,18:09:44.053273,91339,31900,16750,900,75995,48000,43800,71045,43925,835,10000,1400,10250,446139
236,18:11:46.103644,91339,31989,16898,900,75995,48000,43800,71499,43925,835,10000,1400,10250,446830
237,18:13:48.111997,91339,31700,16898,900,75990,48000,43800,71499,43925,835,10000,1400,10250,446536
238,18:15:50.201896,91339,31700,16898,900,75990,47995,43795,71494,43950,835,10000,1400,10250,446546
239,18:17:52.782462,91339,31700,16900,900,75900,47995,43795,71490,43000,800,10000,1200,10250,445269
240,18:19:55.853763,91150,31000,16999,900,75900,48000,43795,71490,43000,800,10000,1200,10000,444234
241,18:21:57.914614,91150,30900,16999,900,76000,48000,43600,71490,43000,800,10189,1200,10250,444478
242,18:23:59.969040,91150,31700,16999,900,77480,48000,43600,71490,43000,800,10189,1200,10250,446758
243,18:26:02.394378,91150,30420,16420,420,75420,47420,13420,71420,42420,420,9420,1142,9420,408912
244,18:28:04.607749,91150,30420,17000,900,77480,47420,43600,71420,42420,835,9420,1142,10000,443207
245,18:30:07.737584,91000,31700,17000,900,77480,47420,43595,71420,42420,835,10000,1142,10000,444912
246,18:32:10.979926,91000,31700,17000,900,67000,47420,43595,71420,42415,835,10000,1142,10000,434427
247,18:34:12.412355,91150,31700,17000,900,76000,47420,43595,71420,42415,835,10000,1142,10000,443577
248,18:36:14.521793,91150,31700,17000,875,76000,47420,43000,70500,42415,835,10000,1142,10000,442037
249,18:38:16.662416,91150,30000,17000,875,76000,47420,43250,70000,42415,835,10000,1142,10000,440087
250,18:40:19.164183,91000,29695,15995,700,70995,47000,43250,70000,42415,700,10000,1037,9505,432292
251,18:42:22.353539,91000,31700,17000,875,70995,47000,43250,70000,42415,835,10000,1037,10000,436107
252,18:44:24.826412,91000,31700,17000,600,70995,47000,43250,70000,42415,835,10000,1037,10000,435832
253,18:46:26.795384,91300,31700,17000,600,70995,47000,43245,70000,42415,835,10000,1037,10000,436127
254,18:48:28.878421,91000,31699,17000,600,68000,47000,43245,70000,42415,835,10000,1000,10000,432794
255,18:50:31.861424,91000,31699,17000,600,76000,47000,43245,70000,42420,835,10000,600,10000,440399
256,18:52:34.214591,91000,31699,17000,600,76000,47000,43245,70000,42420,835,10000,600,10000,440399
257,18:54:36.946415,90000,31689,16995,600,75995,47000,43245,70000,42415,830,10000,1000,10000,439769
258,18:56:39.058594,91000,31689,16995,600,75995,47000,43245,70000,42415,830,10000,1000,10000,440769
259,18:58:41.277205,90999,31689,16995,600,75995,47000,43245,69999,42420,830,10000,1000,10000,440772
260,19:00:43.385359,91300,31689,16995,600,75995,47000,43245,70000,42420,830,10000,1000,10000,441074
261,19:02:45.483719,91000,31689,16995,600,75995,47000,43245,70000,42420,830,10000,1142,10000,440916
262,19:04:47.460532,91420,31689,16995,600,75995,47000,43245,70000,42420,830,10000,1142,10000,441336
263,19:06:49.737543,91339,31689,16995,600,75500,47000,43245,71420,42420,830,10000,1142,10000,442180
264,19:08:51.738138,91300,31600,17000,600,76000,47000,43237,71420,42420,830,10000,1142,10000,442549
265,19:10:53.724384,91300,31600,17000,600,76000,47400,43200,71420,42415,835,10000,1142,10000,442912
266,19:12:56.059506,91999,31600,16900,600,75000,47250,43200,71050,42415,835,10000,1142,10000,441991
267,19:14:57.953276,91999,31600,17000,600,75000,47000,43200,71050,42415,835,10000,1142,10000,441841
268,19:16:59.926517,91999,31600,17000,600,75000,47000,43200,71050,42000,835,9999,1142,10000,441425
269,19:19:03.013614,91999,31600,17000,600,76500,47000,43200,71050,42000,835,9999,1142,10000,442925
270,19:21:04.911180,91999,31600,17000,600,76500,47000,43200,71050,42420,835,9999,1142,10000,443345
271,19:23:06.922686,91999,31575,17000,600,76500,47000,41000,71050,42420,835,9999,1142,10000,441120
272,19:25:09.241577,91850,31575,17000,590,76500,47400,41000,71050,43000,835,9999,888,10000,441687
273,19:27:12.476411,91850,31575,17000,590,75000,47400,41000,71050,43500,835,10000,888,10000,440688
274,19:29:14.539454,91850,31570,16995,590,74995,47400,40995,71050,43500,835,9995,888,10000,440663
275,19:31:16.670456,91850,31500,16995,600,75000,47499,41000,71050,44000,835,10000,888,10000,441217
276,19:33:18.725817,91500,31575,16995,600,75000,47499,41000,71049,44000,835,10000,888,10000,440941
277,19:35:20.862852,91500,29999,16500,600,75000,47499,41000,71049,43800,835,10000,888,10250,438920
278,19:37:23.014317,91500,31575,16500,600,75000,47499,41000,71049,43800,835,10000,888,10250,440496
279,19:39:25.150334,91500,31575,16500,600,75000,47499,41000,71000,43800,835,10000,888,10250,440447
280,19:41:27.033429,91500,31575,16500,860,75000,47499,41000,71000,43800,835,10000,1142,9996,440707
281,19:43:29.028060,91500,31574,16500,860,75000,47499,41000,71049,43800,835,10000,1142,9996,440755
282,19:45:32.708894,91500,31574,16900,850,75000,47499,41000,71049,43800,835,10000,1200,9996,441203
283,19:47:34.602325,91500,31574,16995,850,75000,47499,41000,71049,43800,835,10000,1200,9996,441298
284,19:49:36.531488,90000,31574,16995,850,75000,47499,41000,71049,43800,835,10000,1200,9996,439798
285,19:51:38.547268,90000,31574,16995,845,74000,47499,41000,71049,43800,830,9995,1200,9996,438783
286,19:53:40.557538,90000,31574,16900,845,74000,47499,40995,71049,43800,830,9995,1200,9996,438683
287,19:55:42.553556,90000,31500,16800,845,74000,47490,40995,71000,43800,830,9995,1200,9996,438451
288,19:57:44.567572,90000,31500,16800,845,74000,47490,40995,71000,43800,830,9995,1200,9996,438451
289,19:59:45.842810,90000,31200,16700,850,74000,47490,40995,70500,43800,835,9995,1200,9996,437561
290,20:01:48.005326,90000,31200,16700,850,74000,47490,40899,70500,43800,835,9995,1200,9996,437465
291,20:03:50.010838,90000,31200,16700,860,76000,47490,40899,71049,43800,855,9990,1200,9996,440039
292,20:05:51.940991,90000,31200,16700,860,76000,47490,40899,71049,43800,855,9980,1200,9996,440029
293,20:07:54.015415,90000,31200,16700,700,76000,47490,40899,71049,43800,855,9980,1200,9996,439869
294,20:09:56.015481,90000,30950,16700,700,76000,47490,40899,71049,43800,855,9980,1200,9996,439619
295,20:11:58.066720,90000,31575,16700,700,76400,47499,43000,71049,43799,855,9980,1200,10200,442957
296,20:14:01.667390,90000,30800,16700,800,76400,47400,43000,71400,43300,800,9995,1200,10200,441995
297,20:16:03.759386,91500,31575,16700,800,76400,47400,43000,71400,43300,800,9995,1200,10100,444170
298,20:18:06.783071,91500,31899,16500,800,75000,47000,42990,71000,43300,800,10299,1200,10000,442288
299,20:20:09.667355,91500,31799,16900,800,76400,46968,42000,71400,43300,800,10299,1200,10200,443566
300,20:22:13.060420,91500,31799,16900,860,76400,46968,42000,71400,43799,800,10299,1200,10200,444125
301,20:24:14.224866,91500,31799,16900,860,77480,46968,42000,71400,43794,800,10299,1200,10200,445200
302,20:26:16.130986,91500,31799,16900,860,77480,46969,42000,71400,43794,800,10339,1200,10200,445241
303,20:28:18.061052,91500,31799,16994,860,78995,46750,42000,71400,43794,800,10339,1200,10200,446631
304,20:30:20.127376,91400,31899,16994,875,78995,46969,42000,71400,43788,800,10339,1200,10200,446859
305,20:32:22.167745,91750,31899,16994,875,78000,47000,42000,71420,43788,800,10200,1200,10200,446126
306,20:34:24.298595,91750,31899,16994,875,78000,47400,42000,71420,43788,800,10200,1200,10200,446526
307,20:36:26.435899,91750,32485,16994,875,78995,47400,41000,71420,43788,800,10200,1200,10200,447107
308,20:38:28.572341,91750,32000,16994,875,78995,47400,41000,71420,43788,799,10338,999,10250,446608
309,20:40:32.257643,93000,32000,16994,800,78995,46900,41000,71420,43799,750,10338,900,10200,447096
310,20:42:34.339735,93000,32498,16994,800,79700,46900,41000,71420,43799,750,10338,900,10200,448299
311,20:44:35.732413,93000,32499,16994,800,79700,46900,41000,71420,43799,750,10338,900,10200,448300
312,20:46:37.755710,93000,32854,16994,800,79700,46900,41000,72000,43799,750,10000,900,10250,448947
313,20:48:39.740001,93000,32998,16994,800,79700,46900,41000,71415,43500,750,10000,1200,10250,448507
314,20:50:41.757249,93000,32998,16994,800,79700,46900,41000,71415,43500,750,10000,1200,10250,448507
315,20:52:43.801680,93000,32998,16994,800,79700,46900,41000,71415,43500,750,10500,1200,10250,449007
316,20:54:45.961576,93000,32998,16990,800,79990,45899,41000,71415,43500,750,10499,1200,10250,448291
317,20:56:48.121593,93000,32998,16990,800,79990,45899,41500,71415,43500,750,10499,1200,10499,449040
318,20:58:50.251552,93000,31999,16990,800,79990,45899,41500,71415,43500,750,10499,1200,10499,448041
319,21:00:52.498948,93000,32399,16985,800,76000,45899,41500,71415,43500,750,10498,1200,10499,444445
320,21:02:54.601464,93000,31999,16985,800,76000,45899,41999,71415,43500,750,10498,1200,10400,444445
321,21:04:56.575473,93000,31999,16985,800,76000,45899,41999,71415,42995,750,10250,1200,10300,443592
322,21:06:58.812687,93000,31999,16900,800,76000,45899,41999,71415,42995,750,10250,1200,10300,443507
323,21:09:00.200788,92222,31999,16990,800,76000,45899,41999,71415,42995,750,10250,1200,10300,442819
324,21:11:03.149443,92222,31999,16990,800,78765,45899,41999,71415,42995,750,10250,1200,10300,445584
325,21:13:05.200072,92100,34,16990,800,78765,45899,41999,71415,42995,750,10200,1200,10300,413447
326,21:15:07.245226,92100,31999,16990,800,76500,45899,41999,71415,42995,750,10000,1200,10300,442947
327,21:17:09.527231,92100,32399,16000,700,76500,45899,41999,71415,42995,700,10000,1200,9000,440907
328,21:19:11.617403,91800,32399,16990,700,76500,45899,41999,71415,42000,700,10000,1200,10300,441902
329,21:21:14.140833,91800,31500,16990,700,76500,45899,41999,71800,42000,700,10000,1200,10000,441088
330,21:23:16.405712,91800,31500,16990,700,78765,45899,41900,71800,42000,700,10000,1200,9500,442754
331,21:25:19.389813,91800,31500,16990,700,78765,45899,41900,71800,42000,700,10000,1200,9500,442754
332,21:27:21.291639,91800,31500,16800,700,78765,45899,41900,71800,42000,700,10000,1200,10000,443064
333,21:29:23.390327,91795,31500,16899,700,78765,45899,41900,69000,42000,700,10000,1200,10000,440358
334,21:31:25.421451,91795,32000,16899,850,78765,45899,41900,71800,42000,850,10000,1200,10000,443958
335,21:33:27.398845,91795,32000,16899,800,78765,45899,41900,71800,42000,800,10000,1200,10000,443858
336,21:35:29.336684,91795,32000,16885,850,78000,45899,41999,71800,42000,850,10000,1200,10000,443278
337,21:37:32.916300,91795,32000,16885,850,78000,45899,41999,71800,42000,850,10000,1200,10000,443278
338,21:39:35.225488,91795,32000,16885,850,78000,45899,41995,71800,42000,850,10000,1200,10000,443274
339,21:41:38.198655,91200,32000,16899,850,78000,45899,41990,71800,42000,850,10000,1200,10000,442688
340,21:43:40.080728,91200,32000,16899,850,78000,45899,41590,71000,42000,850,10000,1200,10000,441488
341,21:45:41.927074,91000,32000,16899,880,77995,45899,41400,71000,42000,850,10000,1200,10000,441123
342,21:47:43.974120,91000,32000,16899,880,77995,45899,41400,71000,42000,850,10000,1200,10000,441123
343,21:49:45.875434,91000,32000,16898,875,77995,45899,41400,71000,42000,845,9000,1195,10000,440107
344,21:51:47.948017,91790,32000,16898,875,77995,45899,41400,70800,42000,850,10000,1195,10000,441702
345,21:53:49.978980,91000,32000,16898,875,77995,45899,41225,71000,42000,850,10000,1195,10000,440937
346,21:55:51.955219,90800,32000,16898,875,78000,45899,41350,71700,42000,850,10199,1195,10000,441766
347,21:57:53.899838,90800,32000,16898,875,78000,45894,40995,71700,42000,850,10194,1195,10000,441401
348,21:59:55.818113,90800,32000,16898,875,78000,45899,40995,71700,42000,850,10194,1195,10000,441406
349,22:01:58.060967,90800,32000,16898,875,78000,45899,40000,71700,42000,850,10194,1195,10000,440411
350,22:04:00.840742,90000,32000,16893,875,78000,45899,40000,71700,42000,850,10194,1195,10300,439906
351,22:06:02.843172,90000,32000,16898,875,78000,45899,40000,71700,42000,850,10194,1195,10300,439911
352,22:08:04.872807,90000,31068,16899,875,78000,45899,40000,69889,41000,850,10194,1195,10300,436169
353,22:10:06.920197,90000,31068,16899,875,78000,45899,40000,69889,41000,850,10194,1195,10300,436169
354,22:12:08.944417,91000,32000,16899,875,78000,45899,38000,71800,41000,850,10194,800,10300,437617
355,22:14:11.946868,91000,32000,16899,880,78000,45899,41250,71800,41000,850,10194,800,10300,440872
356,22:16:14.024863,91000,32000,16899,880,76500,45899,40991,71999,42000,850,10000,1195,10300,440513
357,22:18:16.065956,91000,32000,16800,850,76500,45899,41250,71999,42000,850,10000,1195,10300,440643
358,22:20:18.032944,91000,32000,16800,850,76500,45894,41250,71999,42000,850,10000,1195,10300,440638
359,22:22:20.321573,91000,32000,16800,850,76500,45899,41250,71999,42000,850,10000,1195,10300,440643
360,22:24:22.216571,91000,31999,16800,850,76000,45899,41400,71999,42000,850,10194,1195,10300,440486
361,22:26:24.198982,91000,31000,16800,850,76000,45899,41400,71999,42000,850,10194,1195,10300,439487
362,22:28:26.157195,91000,31999,16800,850,70000,45899,41400,71999,42000,850,10194,1195,10300,434486
363,22:30:28.126891,91000,31999,16800,850,70000,45899,41400,71999,42000,850,10194,1000,10300,434291
364,22:32:30.931181,91750,31999,16800,850,70000,45899,41400,71999,42000,850,10194,1000,10300,435041
365,22:34:32.913585,91725,31999,16800,850,70000,45899,41395,71999,42000,845,10194,1000,10300,435006
366,22:36:35.324772,91725,31970,16800,850,70000,45899,41395,71994,42000,845,10194,1000,10300,434972
367,22:38:37.337801,91725,31000,16800,850,70000,45899,41395,71994,42000,845,10194,1000,10300,434002
368,22:40:39.607830,91725,31000,16800,850,76000,45899,41395,71994,42000,845,10194,1000,10300,440002
369,22:42:41.583855,91725,31000,16795,850,76000,45899,41400,71994,42000,845,10194,1195,10300,440197
370,22:44:43.811702,91725,31000,16795,850,76000,45899,41400,71994,42000,845,10194,1195,10300,440197
371,22:46:45.692415,89999,31000,16795,850,76000,45899,41400,71994,42000,845,10194,1195,10000,438171
372,22:48:47.584246,89999,30999,16000,839,76000,45899,41399,71994,41999,849,10193,995,10000,437165
373,22:50:49.483099,80000,30900,16000,839,78000,45850,41000,71994,41999,849,10150,995,10000,428576
374,22:52:51.403654,80000,30900,16700,839,77800,45850,41000,71994,41999,849,10150,995,10000,429076
375,22:54:53.575057,91600,30900,16700,839,77800,45850,41000,71994,41999,849,10150,995,10000,440676
376,22:56:55.836365,91725,30900,16700,850,78000,45850,41000,71994,41999,799,10150,995,10000,440962
377,22:58:57.888241,91700,30899,16700,850,78000,45850,41000,71994,41999,850,10150,995,10000,440987
378,23:01:01.513323,90000,30898,16700,850,78000,45850,41000,71999,41999,850,10150,1195,10000,439491
379,23:03:03.679352,89800,30899,16500,810,78000,45845,41000,71994,41999,850,10150,1195,10000,439042
380,23:05:05.835735,89500,30899,16500,810,78000,45850,41000,71994,41999,850,10150,1195,10000,438747
381,23:07:07.969035,89975,30899,16700,810,78000,45850,41000,71994,41999,850,10150,1195,10000,439422
382,23:09:10.000753,92000,30000,16700,810,78000,45900,41000,71994,41999,850,10150,1195,10000,440598
383,23:11:11.174531,92000,30000,16700,810,78000,46900,41000,71994,41999,850,10150,1195,10000,441598
384,23:13:14.292951,92000,29000,16500,810,78000,46900,41000,71999,41999,850,10150,1195,10000,440403
385,23:15:16.299612,92000,30000,16500,850,78000,46900,41000,71999,41999,850,10150,1195,10000,441443
386,23:17:18.407088,92000,30899,16500,850,78000,46500,41000,71999,41999,850,10150,1000,10000,441747
387,23:19:21.217419,92000,30899,16500,850,78000,46000,41000,71999,41999,850,10150,1195,10000,441442
388,23:21:23.433857,92000,30899,16500,850,78000,46000,41000,71999,41999,849,10150,1195,10000,441441
389,23:23:25.442462,92000,30899,16500,850,78000,46000,41000,71999,41999,826,10150,1195,10000,441418
390,23:25:27.370205,92000,30700,16500,850,78000,46000,41000,71999,41999,826,10150,1195,10000,441219
391,23:27:31.339076,92000,30690,16700,850,78000,44888,41000,71500,42000,826,10150,1195,9500,439299
392,23:29:33.359456,92000,30690,16700,815,75888,44888,41000,71500,42000,800,10150,900,9500,436831
393,23:31:35.412944,92000,30000,16700,815,76500,46000,41000,71999,42000,800,10150,1195,9500,438659
394,23:33:37.585521,90000,30690,16700,815,75000,46000,40000,71999,42000,800,9000,1195,8500,432699
395,23:35:40.050645,92000,30690,16700,815,75000,46000,40995,71999,42000,800,10150,1195,10000,438344
396,23:37:42.174311,92000,30690,16700,815,75000,46000,40995,71999,42000,800,10107,1195,10000,438301
397,23:39:44.317044,92000,30690,16700,815,75000,46000,41000,70950,42000,850,10107,1195,10000,437307
398,23:41:46.465034,92000,30690,16700,900,71000,45000,41000,70950,42000,850,10107,1195,10000,432392
399,23:43:48.473759,92000,30690,16700,899,71000,45000,40000,70950,42000,850,10107,1195,10000,431391
400,23:45:50.457548,92000,30690,16700,899,71000,45000,41000,70950,42000,850,10107,1195,10000,432391
401,23:47:52.482791,91000,30690,16700,980,71000,45000,41000,70945,42000,850,10107,1195,10000,431467
402,23:49:54.513549,90000,30690,16700,900,71000,45000,41000,70945,42000,850,9800,1195,10000,430080
403,23:51:56.526635,91000,30690,16250,979,71000,42500,41000,70945,41995,989,10107,1195,10005,428655
404,23:53:58.502089,90999,30689,16250,950,76500,42500,40999,70945,41994,999,10107,1195,10005,434132
405,23:56:02.020508,90999,30689,16250,950,76000,42500,40999,69000,41994,1000,10107,1195,10005,431688
406,23:58:04.155845,90999,30689,16250,950,76000,42500,41000,69000,41994,999,10107,1195,10005,431688
407,00:00:09.993328,90999,30689,16700,950,76000,46900,41000,70000,41994,999,10107,1195,10102,437635
408,00:02:12.630736,88000,30689,16700,979,76000,46900,41000,70945,41989,999,10000,1195,10102,435498
409,00:04:15.254763,88000,29000,16700,820,76000,46900,41000,70945,41989,999,10107,1195,10101,433756
410,00:06:17.933483,88000,30689,16700,974,76000,46900,41000,70945,41989,999,10107,1195,10101,435599
411,00:08:19.503177,88000,30689,16700,974,76000,46900,41000,70945,41995,999,10107,1195,10101,435605
412,00:10:21.416390,90800,30690,16700,974,77000,46900,41000,70945,41995,999,10107,1195,10101,439406
413,00:12:23.715207,90800,30690,16700,974,75000,46300,41000,70945,42000,999,10107,1100,10101,436716
414,00:14:25.581448,91000,30690,16700,815,76700,46300,41000,70945,42000,999,10107,1100,10000,438356
415,00:16:27.478577,91435,30690,16700,999,77000,46300,41000,70945,42000,999,10107,1100,10101,439376
416,00:18:31.129361,91419,30000,16700,999,77000,46900,43000,70899,42900,999,9969,1100,10101,441986
417,00:20:33.284764,91000,30998,16700,999,77000,47700,43800,70899,42900,999,10000,1100,10299,444394
418,00:22:35.221768,90000,30997,16695,800,73696,47700,42888,70899,42994,800,10000,969,9900,438338
419,00:24:37.117463,91000,30997,16695,800,73696,47600,42888,70899,42994,800,9995,969,9900,439233
420,00:26:39.055503,91000,30000,16695,999,73696,47600,42000,70899,42000,999,10107,969,10105,437069
421,00:28:41.114809,91000,30000,16695,999,76000,47600,42000,70899,42000,999,10107,969,10100,439368
422,00:30:43.109381,91000,30000,16695,999,76000,47600,42700,70899,42000,999,10105,1195,10100,440292
423,00:32:44.980842,91000,30000,16695,999,76000,47600,42888,70899,42000,999,10105,1195,10100,440480
424,00:34:46.878638,91000,30000,16600,999,76000,47700,42000,70000,42000,999,10105,1195,10000,438598
425,00:36:48.821385,90588,30000,16600,988,76000,47700,42798,69995,42000,993,10100,1183,10100,439045
426,00:38:51.147547,90579,30000,16600,983,76000,47700,42798,70888,42000,998,10100,1183,10100,439929
427,00:40:53.029021,90588,30000,16600,983,76000,47700,42798,70888,42000,998,10100,1195,10100,439950
428,00:42:54.975341,90588,30000,16695,983,76995,47748,42798,70888,42000,998,10100,1200,10100,441093
429,00:44:56.994769,90588,30000,16698,983,76995,47000,42798,70500,42000,998,10100,1200,10100,439960
430,00:46:59.038049,90588,30000,16698,983,76800,46995,42798,70500,42000,998,10100,1195,10000,439655
431,00:49:02.658211,90588,30000,16698,983,76800,46995,42798,70500,42000,998,10095,1195,10000,439650
432,00:51:04.699109,90588,30000,16698,983,76000,46995,42797,70500,43088,998,10095,1195,10100,440037
433,00:53:06.576950,90588,30000,16698,983,75990,46995,42797,70500,43088,998,10095,1195,10100,440027
434,00:55:08.505618,90588,30000,16698,983,75990,46995,42797,70500,43088,998,10095,1195,10100,440027
435,00:57:10.645949,90588,30000,16698,983,75990,46995,42000,70500,43088,998,10095,1195,10100,439230
436,00:59:12.750730,90588,30000,16698,983,75000,46995,42700,70000,43088,998,10095,1195,10100,438440
437,01:01:15.041366,90588,30000,16890,983,75000,46995,42500,69975,43088,800,10100,1195,10100,438214
438,01:03:17.065320,90588,30000,16890,983,75990,46995,42500,69975,43088,800,10100,1195,10100,439204
439,01:05:19.152105,89000,30000,16885,983,74000,46995,42500,69975,43088,998,10100,1195,10100,435819
440,01:07:21.040167,89000,30000,16885,983,74000,46000,42500,69975,43088,998,10100,997,10100,434626
441,01:09:22.840311,89000,29999,16885,983,74000,46000,42500,69975,43088,990,10100,1195,10100,434815
442,01:11:24.866673,89000,29999,16885,850,74000,46000,42500,69975,43088,850,10100,1200,10100,434547
443,01:13:26.794851,89000,29999,16885,850,74000,46000,42500,69975,43088,850,10100,1200,10100,434547
444,01:15:28.795743,84000,29690,1690,850,72000,46000,42500,69500,42800,850,10050,1200,10100,411230
445,01:17:32.355543,88400,29689,16880,850,72000,46000,42500,69500,42800,850,10050,1200,10100,430819
446,01:19:34.320108,90588,29500,16880,850,73500,46000,42500,69500,42800,850,10050,1000,10000,434018
447,01:21:36.276125,90000,29500,16880,850,73400,46500,42500,69475,42000,850,10050,900,10000,432905
448,01:23:38.310925,90000,29500,16880,840,73400,46500,42500,69475,42000,850,10100,1000,10100,433145
449,01:25:40.221720,90000,29500,16880,840,73400,46250,42500,69475,42000,850,10100,1000,10102,432897
450,01:27:42.489205,90000,29000,16880,518,73400,46250,42500,69475,42000,850,10100,1000,10102,432075
451,01:29:43.835753,89750,28000,16880,518,73400,46250,42500,69475,42000,850,10100,1000,10102,430825
452,01:31:45.810804,89000,28000,16880,518,73400,46250,42500,69475,42000,850,10100,1000,10102,430075
453,01:33:47.780040,89000,28000,16799,518,73400,46250,42500,69475,42000,850,10100,1000,10102,429994
454,01:35:49.723018,89000,28000,16799,518,73400,46250,42500,69475,42000,850,10100,1000,10102,429994
455,01:37:51.781579,89000,29000,16799,518,73395,46250,42400,69470,42000,850,10000,1000,10096,430778
456,01:39:53.708320,89000,29000,16799,518,73395,46500,42400,69470,42000,850,10100,1000,10096,431128
457,01:41:55.642597,89750,29000,16799,840,73395,46500,42400,69000,42000,850,10100,1000,10096,431730
458,01:43:57.508852,89750,29000,16799,850,73395,46500,42400,69000,42000,850,10100,1000,10096,431740
459,01:46:01.027683,89750,29000,16799,850,73395,46500,42100,69000,41900,850,10100,1000,10096,431340
460,01:48:02.935452,90588,29495,16799,983,73395,46500,42100,69000,41900,990,10100,997,10096,432943
461,01:50:05.143278,90588,29495,16799,983,73395,46500,42099,69000,41899,990,10099,997,10096,432940
462,01:52:07.792328,90588,29495,16799,980,75000,46495,42099,69000,41899,990,10099,997,10096,434537
463,01:54:09.063493,90588,29495,16799,980,75000,46495,42099,69000,41899,990,10100,997,10096,434538
464,01:56:10.961318,90588,29495,16799,980,75000,46495,42400,69000,41900,800,10100,1000,10096,434653
465,01:58:13.334456,90588,29690,16700,980,75000,46495,42400,69470,41900,990,10100,1200,10096,435609
466,02:00:15.333794,90588,29690,16700,980,75000,46995,42400,69400,41900,990,10100,1200,10000,435943
467,02:02:17.813860,90588,29690,16700,980,75000,46995,42300,69000,43088,990,10100,1200,10100,436731
468,02:04:19.828692,91000,28000,16700,980,75000,45000,42300,68000,43088,990,10100,1100,10100,432358
469,02:06:21.920043,91000,29690,16798,980,75000,45000,42300,68000,43088,990,10100,1100,10100,434146
470,02:08:23.943166,91000,29690,16798,980,75000,46995,42300,68999,43088,699,10100,1200,10100,436949
471,02:10:26.738041,91000,29690,16798,980,75000,46995,42300,68999,43088,699,10100,1260,10100,437009
472,02:12:28.949839,91000,29690,16798,844,74995,46995,42300,68999,43088,699,10100,1260,10100,436868
473,02:14:32.873631,91000,29690,16798,844,74995,46995,42300,68999,43088,699,10100,1260,10100,436868
474,02:16:34.841665,92000,29690,16799,844,75000,46995,42300,68999,43083,990,10100,1250,10100,438150
475,02:18:36.735691,92099,29690,16799,844,75000,46995,42400,69400,43083,980,10100,1250,10100,438740
476,02:20:38.666694,92099,29690,16799,844,75000,47000,42400,69400,43088,980,10100,1250,10100,438750
477,02:22:40.604460,92099,29690,16880,844,75000,47550,42000,69400,43088,980,10100,1250,10100,438981
478,02:24:42.426683,92000,29690,16880,800,75000,47700,42000,69400,43088,980,10100,1250,10000,438888
479,02:26:44.364491,92000,29690,16880,800,75000,47700,42000,69400,43088,980,10100,1250,10000,438888
480,02:28:46.471229,90000,29690,16880,800,75000,47700,42000,69400,43088,980,10095,1250,10000,436883
481,02:30:48.384275,90000,29690,16880,800,75000,47700,41000,68900,41000,821,10095,1265,10100,433251
482,02:32:50.328472,90000,29690,16885,800,75000,47700,41000,68900,41000,805,10095,1399,10100,433374
483,02:34:52.350076,90000,29690,16885,800,75000,47700,41000,68900,41000,980,10095,1269,10100,433419
484,02:36:54.172571,90000,29690,16500,976,74550,47700,41000,68900,41000,800,10000,1269,10100,432485
485,02:38:55.365449,90000,29690,16500,976,74550,47000,41000,68900,41000,960,10000,1100,9750,431426
486,02:40:57.312288,85000,29650,16500,974,74500,47000,41000,68900,41000,960,9800,1100,9750,426134
487,02:42:59.460126,85000,29690,16500,974,74500,47000,40995,68900,40995,826,9800,1400,9750,426330
488,02:45:02.216038,83999,29690,16500,974,74500,47000,40995,68900,40995,826,9800,1400,9750,425329
489,02:47:04.282767,70000,29690,16500,974,74500,47000,40995,68900,40995,826,9800,1400,9750,411330
490,02:49:06.127496,91250,29500,16499,974,74500,47000,40994,68900,41000,826,10000,1400,9750,432593
491,02:51:07.470826,91250,29690,16499,844,74500,47000,40994,68900,43088,826,10100,1400,9750,434841
492,02:53:09.373360,92300,30000,16499,844,74500,47000,41000,68500,43088,826,9000,1400,9750,434707
493,02:55:11.370298,92300,30000,16499,844,74500,47000,41000,69000,43088,826,10100,1400,9750,436307
494,02:57:13.310101,91000,30000,16499,844,74500,47000,41000,69000,43088,826,10100,1400,9750,435007
495,02:59:15.396757,92300,30000,16499,844,74500,47000,41000,69000,43088,826,10100,1400,9750,436307
496,03:01:17.297175,92300,30000,16499,844,74500,47000,41000,69000,43088,826,9500,1265,9750,435572
497,03:03:19.236608,90500,30000,16499,844,74500,47000,41000,69000,43088,826,9500,1265,9750,433772
498,03:05:21.338332,92299,30000,16499,844,76000,46999,41000,69000,43088,826,9500,1265,9750,437070
499,03:07:23.804193,92299,30000,16499,844,76000,47000,40000,69000,44270,826,9500,1265,9745,437248
500,03:09:25.885802,92299,30000,16499,844,76000,47000,40000,69000,44000,700,9500,1265,9750,436857
501,03:11:27.925001,92299,30000,16499,844,73000,46995,40000,69000,44000,700,9500,1265,9750,433852
502,03:13:31.583131,92198,30000,16499,844,73000,46995,40000,69000,44000,700,9500,1265,9750,433751
503,03:15:33.585373,92198,30000,16499,844,73000,46995,40000,69000,44000,700,9500,1265,9750,433751
504,03:17:35.471507,92198,30000,16499,844,73000,46900,40000,69000,44000,700,9500,1265,9750,433656
505,03:19:37.401533,92198,30000,16499,844,73000,46900,40000,69000,44000,700,9500,1265,9750,433656
506,03:21:39.372998,92198,30000,16499,844,73000,46900,40000,69000,44000,500,9500,1265,9000,432706
507,03:23:41.400487,92198,30000,16499,844,73000,46900,40000,69000,44000,826,8999,1265,9000,432531
508,03:25:44.719932,92198,30000,16499,844,73000,46893,40000,69000,44000,826,9500,990,9000,432750
509,03:27:46.715574,92198,30000,16499,840,76000,46893,40000,69000,44000,826,9500,1265,9500,436521
510,03:29:48.884983,91425,31800,16499,840,76000,46860,40000,69000,43800,826,9500,1265,9500,437315
511,03:31:50.858408,91425,31800,16499,840,76000,46860,40000,69000,43800,826,9500,1265,9500,437315
512,03:33:53.014815,91000,31800,16499,840,76000,46860,40000,68000,43800,826,9500,1265,9500,435890
513,03:35:55.056093,91000,31800,16499,844,75000,46860,40000,69000,43800,826,9500,1265,9500,435894
514,03:37:57.961276,91000,30000,16499,500,75000,46860,40000,69000,43800,826,9500,1265,9500,433750
515,03:40:01.666376,91000,30000,16499,844,75000,46860,40000,69000,43800,826,9500,1200,9495,434024
516,03:42:03.839879,90000,31800,16499,844,75000,46860,40000,69000,43800,826,9500,1400,9495,435024
517,03:44:05.818533,90999,31800,16499,844,75000,46860,40000,69000,43800,826,9500,1400,9495,436023
518,03:46:07.774320,90999,31800,16499,844,75000,46860,40000,69000,43800,826,9500,1400,9495,436023
519,03:48:10.899232,90999,31800,16499,844,75000,46860,40000,69000,43800,826,9500,1400,9495,436023
520,03:50:12.873986,90000,31700,16499,844,74900,46860,39999,68900,43800,826,10000,1399,9495,435222
521,03:52:15.524147,89000,31000,16499,844,74900,46860,39999,68600,43800,826,10000,200,9750,432278
522,03:54:17.631110,90999,31000,16499,844,74900,46860,40000,68900,43800,826,10000,1399,9750,435777
523,03:56:19.484986,90999,31000,16499,844,74900,46860,40500,68900,43800,826,10000,1399,10000,436527
524,03:58:21.515170,90999,31000,16499,844,74900,46893,40500,68900,43800,826,10000,1399,10000,436560
525,04:00:23.562765,91000,31000,16499,844,74900,46893,40500,68900,43800,826,10000,1399,10000,436561
526,04:02:25.466755,91000,31000,16499,844,74900,46893,40500,68900,43800,826,10000,1399,10000,436561
527,04:04:27.517355,91000,31000,16499,844,74000,46893,40500,68900,43800,826,10000,1399,10000,435661
528,04:06:31.003312,91000,31000,16499,844,74000,46893,40500,69000,43800,826,10000,1399,10000,435761
529,04:08:33.159239,90000,31000,16499,844,74000,46893,40999,69400,43800,826,10000,1399,10000,435660
530,04:10:35.643737,91000,31000,16499,844,74000,46893,40999,69400,43800,826,10000,1399,10000,436660
531,04:12:37.565376,91000,31000,16499,844,74000,46893,40999,69400,43800,826,10000,1399,10000,436660
532,04:14:39.879391,91000,31000,16499,844,74000,46893,41000,69400,42000,826,9500,1399,10000,434361
533,04:16:42.787626,91425,31000,16499,844,74000,46893,41000,69400,42000,826,9500,1300,10000,434687
534,04:18:44.825709,91425,31000,16494,844,74000,46893,41000,69400,43800,826,9500,1300,10000,436482
535,04:20:46.694368,91425,31000,16494,844,74000,46893,41000,69475,44000,826,9995,1300,10000,437252
536,04:22:48.444537,91425,31000,16499,749,74000,46893,41000,69475,44000,930,9995,1300,10000,437266
537,04:24:50.284980,91425,31000,16499,749,74000,46893,41000,69475,44000,826,10000,1269,10000,437136
538,04:26:52.200635,91425,31000,16499,749,74000,46893,41000,69475,44000,826,10000,1250,10000,437117
539,04:28:54.097625,90000,31000,16499,844,74000,46893,41000,69475,44000,826,10000,1250,10000,435787
540,04:30:56.517247,91425,30995,16489,744,74000,46893,40995,69470,44000,821,9995,1245,10000,437072
541,04:32:58.360643,91425,30995,16489,744,74000,46893,40995,69470,44000,821,9995,1245,10000,437072
542,04:35:01.903931,91425,30995,16494,744,74000,46893,40995,69470,43450,821,9995,1200,10000,436482
543,04:37:03.908234,91425,30990,16494,744,74900,46893,40990,69450,43450,821,9995,1200,10000,437352
544,04:39:06.039287,91425,30990,16494,744,74900,45000,40990,69450,43495,821,9995,1200,10000,435504
545,04:41:08.341009,91425,30990,16494,744,74000,46893,40990,69450,43500,821,10000,1200,10000,436507
546,04:43:10.390947,90000,30990,16494,744,74000,46893,40990,69450,43500,821,10000,1200,10000,435082
547,04:45:12.389730,90000,30990,16494,744,74000,46893,40990,69450,43500,821,10000,1200,10000,435082
548,04:47:14.374061,90000,30990,16494,744,74000,46893,40995,69450,43500,821,10000,1200,10000,435087
549,04:49:16.381321,90000,30990,16494,744,74000,46893,40995,69450,44000,821,9950,1200,10000,435537
550,04:51:17.648792,90000,30990,16494,744,74000,46893,40995,69450,44000,821,9950,1200,10000,435537
551,04:53:19.792469,90000,30990,16250,744,74000,46893,40995,69450,44000,821,9950,1200,10000,435293
552,04:55:21.763616,90000,30990,16250,744,74000,46893,40995,69450,44000,821,10000,1200,10000,435343
553,04:57:23.879884,90000,30990,16250,744,74000,46893,40990,69450,44000,800,10000,1200,10000,435317
554,04:59:25.905853,90000,30990,16250,744,74000,46893,40990,69450,44000,800,10000,1200,10000,435317
555,05:01:27.843936,90000,30000,16250,744,74800,46893,40990,69450,44000,800,10000,1200,10000,435127
556,05:03:31.948947,90000,30000,16250,744,74800,46800,40990,69450,44000,800,10000,1200,10000,435034
557,05:05:33.862844,90000,29999,16250,744,74000,46893,40990,69450,44000,800,10000,1200,9500,433826
558,05:07:35.853057,90000,29999,16250,744,74000,46893,40990,69450,44000,800,10000,1200,9500,433826
559,05:09:37.745912,90000,30990,16250,800,74000,46893,40990,69450,44000,800,10000,1200,10000,435373
560,05:11:39.731722,90000,30980,16250,800,74000,46850,40989,69450,44000,800,10000,1200,10000,435319
561,05:13:41.907030,90000,30980,16250,800,74000,46850,40989,69450,44000,800,10000,1200,10000,435319
562,05:15:43.794617,90000,30980,16250,800,74000,46850,40989,69450,44000,800,10000,1200,10000,435319
563,05:17:45.796501,90000,30980,16250,800,74000,46850,40989,69450,44000,800,10000,1200,10000,435319
564,05:19:47.745069,90000,30980,16250,800,74000,46849,40989,69450,43999,800,10000,1200,9900,435217
565,05:21:50.092916,91000,30980,16250,800,74000,46850,40989,69450,43999,800,9999,1200,9900,436217
566,05:23:52.036771,91000,30980,16250,800,73000,46850,40989,69450,44000,800,9999,1199,9900,435217
567,05:25:54.031829,91000,30980,16250,800,74000,46850,40900,69450,43999,800,9999,1199,9900,436127
568,05:27:55.886609,91000,30980,16250,800,74000,46850,40900,69450,43999,800,9999,1199,9900,436127
569,05:29:58.251463,90000,30980,16250,800,74000,46850,40900,69450,43999,800,9999,1199,9900,435127
570,05:32:01.957063,90000,30990,16200,850,74000,46850,42000,69450,43999,800,9999,1199,9900,436237
571,05:34:05.138561,90000,30990,16250,850,74000,44000,42000,69450,43999,800,9994,1199,9900,433432
572,05:36:07.049375,90000,30000,16250,850,72000,40000,42000,69450,44000,825,9800,1199,9900,426274
573,05:38:10.048799,90000,30000,16250,850,72000,46850,42000,69450,44000,850,9800,1199,9900,433149
574,05:40:13.044907,90000,30000,16250,850,72000,46850,42000,69450,44000,850,9800,1199,9900,433149
575,05:42:14.950123,90000,30000,16250,850,72000,46850,42000,69450,43000,850,9800,1199,9900,432149
576,05:44:17.001980,90000,30000,16400,850,74000,46850,42000,69450,43000,850,9994,1199,9999,434592
577,05:46:19.022178,90000,30000,16400,850,74000,46850,42000,69450,43000,850,9994,1199,9999,434592
578,05:48:20.935875,90000,30000,15000,850,74000,46850,42000,69450,43000,850,9994,1199,9999,433192
579,05:50:22.930020,90000,30000,16400,850,74000,46850,42000,69450,43000,850,9994,1199,9999,434592
580,05:52:24.874930,90000,29900,16800,850,74700,46800,41900,69400,42000,850,10000,1199,9900,434299
581,05:54:26.786974,90000,29900,16885,850,74800,46893,42000,69450,42000,850,10000,1199,9900,434727
582,05:56:28.761394,90000,30000,16888,850,74899,46893,42000,69450,42000,900,10000,1199,10099,435178
583,05:58:31.385589,90000,30000,16890,960,75000,46893,42000,70000,42000,930,10009,1199,10099,435980
584,06:00:33.277221,90000,30000,16890,960,75000,46893,42000,70000,44000,930,10009,1199,10000,437881
585,06:02:35.301592,90000,30990,16890,960,75000,46893,42000,70000,44000,930,10009,1199,10000,438871
586,06:04:37.136392,90000,30990,16890,960,75000,46893,42000,70000,44000,800,10100,1199,10000,438832
587,06:06:39.498814,90000,30990,16890,960,75000,46893,42000,70000,44000,920,10100,1199,10000,438952
588,06:08:41.360301,90000,30990,16890,960,75000,46892,42000,70000,44000,920,10100,1199,10000,438951
589,06:10:43.279095,90000,30990,16890,960,75000,46893,42000,70000,44000,920,10100,1199,10000,438952
590,06:12:45.221696,90000,30990,16890,960,75000,46893,43150,70000,44000,920,10100,1100,10000,440003
591,06:14:47.152855,90000,30990,16690,960,75000,46893,43383,70300,44000,920,10100,1100,10000,440336
592,06:16:49.346913,90000,30990,16690,960,75000,46893,43900,70967,44000,920,10100,1100,10000,441520
593,06:18:50.891334,90000,30985,16690,960,74999,46893,44000,70000,44000,920,10050,1100,10000,440597
594,06:20:52.869376,91000,30985,16690,960,74999,46893,44000,70000,44000,920,10050,1100,10000,441597
595,06:22:54.923938,91000,30985,16690,960,74999,46893,44000,70000,44000,920,10050,1100,10100,441697
596,06:24:57.460310,91000,30985,16690,960,74999,46895,43999,69999,44000,920,10050,1100,10100,441697
597,06:27:00.948688,91000,30985,16690,960,74999,46000,44000,69999,44000,920,10050,1100,10100,440803
598,06:29:02.894773,91424,30985,16690,960,75000,46895,44000,69000,44000,920,10050,1100,10100,441124
599,06:31:04.447044,90500,30985,16690,840,75000,46895,43995,70500,44000,820,10050,1100,10000,441375
600,06:33:06.340956,90500,30985,16690,960,75000,46895,44000,70500,44000,850,10000,1100,10050,441530
601,06:35:08.339033,90500,30985,16900,960,75000,46895,44000,70965,44000,850,10000,1100,10000,442155
602,06:37:10.425060,91424,30990,16900,960,75000,47000,44000,70965,44000,850,10000,1100,10050,443239
603,06:39:11.614203,91300,30900,16900,850,75000,47400,44000,70967,44000,850,10000,1200,10050,443417
604,06:41:13.684009,91425,30900,16900,850,75000,47500,44000,70967,44000,850,10000,1200,10100,443692
605,06:43:15.870630,91425,31899,16900,850,75000,47500,43000,70990,44000,920,10000,1200,10000,443684
606,06:45:17.914182,75500,31899,16900,850,75000,47700,44500,70990,44000,920,10000,1200,10000,429459
607,06:47:19.923921,90000,31899,16900,850,75000,47700,43800,70990,44000,920,10000,1200,10100,443359
608,06:49:22.006634,91425,31500,16900,850,75000,47700,43300,70990,43900,920,10100,1200,10100,443885
609,06:51:23.295474,91425,31899,16900,850,75000,47250,43795,70990,44000,920,10095,1200,10095,444419
610,06:53:25.265916,91425,32000,16890,850,75000,47250,43795,70990,44000,920,10090,1200,10095,444505
611,06:55:27.379473,91250,32000,16850,845,75000,47250,43800,70967,44000,820,10100,1100,10090,444072
612,06:57:30.247167,91250,32022,14000,845,72000,47250,35000,67000,35000,820,10095,1195,10090,416567
613,06:59:31.623991,91250,32022,16850,790,75000,47250,43800,70967,44000,820,10095,1195,10090,444129
614,07:01:33.650907,91250,32200,16850,790,75000,47250,43390,70967,44000,890,9900,1195,10090,443772
615,07:03:35.785137,91250,32202,16890,790,75000,47250,43390,70967,44000,890,9900,1195,10090,443814
616,07:05:37.733078,91250,32300,16890,845,75000,47250,43383,70967,44000,890,9900,1150,10090,443915
617,07:07:40.060158,91250,32200,16890,845,75000,47250,43383,70800,44000,850,9900,1150,10090,443608
618,07:09:43.082616,91250,32500,16890,845,75000,47250,43383,70800,44000,850,9900,1150,10000,443818
619,07:11:45.096538,91250,32500,16890,850,75000,47250,43383,70800,44000,850,9900,1150,10000,443823
620,07:13:47.046384,91250,30000,16890,850,75000,47000,41000,70967,44000,850,9900,1150,10000,438857
621,07:15:48.992380,91250,32500,16890,850,75000,47250,43300,70965,44000,850,9900,1150,10090,443995
622,07:17:50.910346,91250,32500,16890,850,75000,47750,43383,70965,44000,890,9900,1150,10090,444618
623,07:19:53.062101,91000,32500,16890,850,75000,47750,35000,70000,39999,890,8000,1150,10090,429119
624,07:21:55.061369,91000,32500,16890,850,75000,47750,43382,70965,44000,890,9900,1150,10090,444367
625,07:23:56.542105,91000,32500,16890,840,76000,47700,43382,70965,44000,825,9900,1150,10090,445242
626,07:25:59.188915,91000,32200,16890,811,76899,47700,43382,70965,44000,825,9900,1150,10090,445812
627,07:28:01.947530,91000,32000,16890,840,76899,47690,43000,70000,44000,825,9900,1150,10090,444284
628,07:30:04.065194,90999,32500,16890,850,76700,47690,43000,70000,43800,850,9900,1150,10090,444419
629,07:32:06.028352,90999,32500,16890,850,76700,47690,43000,70000,43800,850,9900,1150,10090,444419
630,07:34:08.147280,90999,32500,16890,850,76700,47750,43000,70000,43800,850,10155,1150,10090,444734
631,07:36:10.200154,90999,32500,16890,850,76700,47200,43000,70000,43800,850,10155,1195,10102,444241
632,07:38:12.300187,90999,32500,16799,850,75000,47200,43000,70000,44269,850,9000,1110,10089,441666
633,07:40:14.769729,91000,32500,16799,850,76700,47200,43000,70000,44269,850,10154,1110,10089,444521
634,07:42:16.826115,91000,32500,16900,850,76700,47750,43000,70799,44269,850,10154,1110,10102,445984
635,07:44:18.856501,91000,32500,16900,850,76700,47750,43382,70799,44269,826,10154,1110,10102,446342
636,07:46:20.740996,91000,32500,16912,850,76000,47751,43799,70799,44269,826,10154,1110,10102,446072
637,07:48:22.600752,91400,31999,16900,850,76000,47751,43770,70799,44220,850,10154,1110,10000,445803
638,07:50:24.868384,90000,32500,16900,844,76000,47751,43400,70799,44220,826,10154,1110,10000,444504
639,07:52:26.809561,90000,32500,16900,844,76000,47751,43250,70799,44220,826,10154,1110,10000,444354
640,07:54:30.550167,90000,32500,16900,844,68000,47751,43250,70799,44220,826,10154,1110,10000,436354
641,07:56:32.608722,91400,32500,16900,850,75900,47751,43250,70799,42000,850,10154,1000,10000,443354
642,07:58:34.641340,91400,32000,16900,850,76000,47751,43050,70799,44220,850,10154,1110,10000,445084
643,08:00:36.598361,91400,32500,16912,850,76000,47751,43050,70799,44220,850,10150,1110,10000,445592
644,08:02:38.563783,91400,32500,16912,850,76000,47751,42990,70799,44220,850,10150,1110,10000,445532
645,08:04:40.636069,91000,32500,16912,850,76000,47751,42990,70799,44220,850,10100,1110,10000,445082
646,08:06:42.609457,91400,32000,16920,845,76000,47850,43000,70799,44220,850,10149,1110,10000,445143
647,08:08:44.641592,91400,32500,16900,999,76000,47845,43250,70799,44220,850,10100,1110,10000,445973
648,08:10:46.656622,91430,32500,16920,999,76944,47845,43250,70799,44200,850,10100,1100,10000,446937
649,08:12:48.610933,91395,32500,16900,999,77000,47845,43250,70800,44200,850,10100,1100,10000,446939
650,08:14:50.709414,91395,32500,16900,999,75000,44000,43250,70800,41500,850,10100,1099,10000,438393
651,08:16:52.679974,90999,32500,16900,999,75000,47845,43250,70800,44200,850,10100,1099,10000,444542
652,08:18:54.919287,90999,32500,16900,999,75000,47870,43250,70800,44200,850,10149,1099,10000,444616
653,08:20:57.399971,91430,32500,16900,999,74900,47870,43250,70800,44200,850,10149,1099,9750,444697
654,08:23:01.059505,91000,32500,16900,999,74900,47500,43250,70799,44200,850,10105,730,10000,443733
655,08:25:03.144475,91400,32000,16900,850,74900,47500,43250,70799,44200,850,10100,1099,10000,443848
656,08:27:05.105500,91400,32500,16900,850,74900,47500,43000,70799,44200,850,9000,1099,10000,442998
657,08:29:07.142396,91400,32500,16899,850,74900,47500,43000,70799,44200,850,10000,1099,10000,443997
658,08:31:08.434886,91350,30890,16899,850,74900,47500,43000,70799,44000,850,10000,1099,10000,442137
659,08:33:10.416016,91400,32200,16899,849,74900,47500,42800,67000,44000,850,9900,1000,9900,439198
660,08:35:12.819744,91400,32500,16899,849,74900,47500,42800,70000,44000,849,9000,1000,9900,441597
661,08:37:14.848632,91400,32500,16899,850,74900,47000,42800,70000,43500,850,9000,1000,9900,440599
662,08:39:16.868386,91400,32499,16899,789,74900,47000,42800,70000,43500,820,9000,999,9900,440506
663,08:41:18.847519,91400,32500,16899,789,74900,47000,42800,70000,43500,820,9000,999,9900,440507
664,08:43:20.973258,91400,32500,16900,789,74900,47000,42800,70000,43500,820,9000,999,9900,440508
665,08:45:22.921766,91400,32500,16700,789,74900,47000,42795,70000,43500,820,9000,999,9900,440303
666,08:47:25.331664,91400,32500,16700,789,74900,47000,42795,70000,43500,820,9000,999,9900,440303
667,08:49:27.371317,91400,32500,16695,850,74900,47000,42795,70000,43500,850,9000,999,9900,440389
668,08:51:31.367178,91400,32500,16695,850,74900,47000,42795,70000,43500,850,9000,999,9900,440389
669,08:53:33.457163,89999,32475,16695,850,74899,47000,42790,70000,43500,849,9000,998,9899,438954
670,08:55:35.465655,89999,32500,16695,850,74899,47000,42790,70000,43500,849,9000,998,9899,438979
671,08:57:37.543845,88999,32495,16695,950,74899,47000,42790,69995,43495,844,8995,993,9894,438044
672,08:59:39.667640,88999,32500,16900,840,74900,46464,42790,69995,43495,849,8995,993,9894,437614
673,09:01:41.660023,88999,32500,16920,840,74900,46464,42790,69995,44000,849,8995,993,10000,438245
674,09:03:43.653590,88999,32000,16920,840,74890,46464,42790,69995,44000,849,8995,993,10000,437735
675,09:05:45.693353,91400,32500,16920,840,74890,46464,39999,69995,41444,849,10000,993,10000,436294
676,09:07:47.843480,91400,32500,16920,840,74890,46464,39999,69995,41444,849,10000,998,10000,436299
677,09:09:49.798197,91400,32499,16920,950,74890,46459,39999,69800,41444,849,10000,998,10000,436208
678,09:11:51.849875,91400,32200,16920,850,74875,46459,39999,69800,41444,849,10000,998,10000,435794
679,09:13:53.882544,91400,32202,16920,850,74875,46450,39999,69800,41444,849,10000,998,10000,435787
680,09:15:55.788438,91400,32500,16920,840,74875,46450,39998,69799,41444,840,10000,990,10000,436056
681,09:17:57.791977,91400,32500,16920,950,74875,46450,39998,69799,41444,849,10000,998,10000,436183
682,09:20:01.360384,91400,32500,16920,950,74875,46000,39998,69798,41444,849,10000,998,10000,435732
683,09:22:03.328671,91400,32000,16920,950,74874,45995,39998,69798,41444,849,10000,998,9999,435225
684,09:24:05.320787,91400,32000,16920,999,74874,45995,39950,69790,41444,849,9995,998,9950,435164
685,09:26:07.348268,91400,32500,16920,999,74869,46449,39950,69790,41444,844,10000,998,9950,436113
686,09:28:09.487477,91400,32499,16920,999,74869,46449,42645,69798,42000,844,10000,998,10000,439421
687,09:30:11.742450,91400,32500,16920,999,74869,46449,42645,69798,43900,844,10000,998,10000,441322
688,09:32:14.267969,91400,32500,16920,999,74500,46449,42500,69500,43900,844,10000,998,10000,440510
689,09:34:16.925219,91400,32250,16899,874,74499,46448,42000,69499,43699,749,10000,997,10000,439314
690,09:36:18.905104,91400,32500,16899,874,74500,46449,42000,69499,43699,844,10000,997,10000,439661
691,09:38:20.991515,91400,32500,16899,874,75000,46459,42000,69499,43699,849,10000,997,10000,440176
692,09:40:22.932836,91400,31000,16894,874,75000,46453,42000,69498,43699,849,10000,996,10000,438663
693,09:42:24.848859,91400,32150,16894,840,75000,46453,42000,69498,43699,849,10000,1099,10000,439882
694,09:44:27.365825,91400,32250,16894,840,73000,46250,42000,69498,43500,849,9950,1099,9950,437480
695,09:46:31.318385,91400,32000,16894,840,73000,46250,42000,69498,43500,849,9950,1199,9950,437330
696,09:48:33.399482,91375,32500,16894,810,72000,46250,40100,69000,41600,800,9950,1000,9950,432229
697,09:50:35.404497,91375,32500,16894,850,72000,46000,41750,68000,41600,844,9500,1200,9950,432463
698,09:52:37.464675,91375,32500,16894,850,72000,46150,41750,68000,41600,849,9500,1200,10000,432668
699,09:54:39.437444,91150,32500,16894,843,72000,44000,41750,69498,41600,849,9999,1200,10000,432283
700,09:56:41.400145,91150,32500,16894,843,72000,44000,41750,69498,41600,849,9999,1250,10000,432333
701,09:58:43.317038,91150,32500,16894,843,72000,44000,41750,69498,41600,825,9999,1264,10000,432323
702,10:00:45.340194,91150,32500,16894,843,72000,46150,41600,69493,41600,825,9994,1264,10000,434313
703,10:02:47.378840,91150,32500,16894,895,72000,46150,41600,69493,41600,849,9994,1268,10000,434393
704,10:04:49.326497,91150,32500,16890,895,72000,46150,41550,69498,41600,800,9999,1268,10000,434300
705,10:06:52.518294,91150,32500,16890,895,72000,46453,40454,69498,43000,849,10000,1269,10000,434958
706,10:08:54.488380,91150,32202,16890,895,72000,46450,41965,69498,43813,849,10000,1300,10000,437012
707,10:10:56.485167,91375,32500,16890,895,72000,46454,41965,69800,44000,849,10000,1299,10000,438027
708,10:12:58.416041,91375,32500,16890,895,72000,46454,42000,69995,44000,849,10000,1299,10000,438257
709,10:15:02.113495,91400,32500,16890,825,72000,46454,42000,69000,44000,849,10000,1299,9000,436217
710,10:17:04.192169,91400,32500,16890,825,72000,46454,42000,69000,44000,849,10000,1300,9900,437118
711,10:19:07.210019,91400,32500,16700,895,72000,46454,42790,69790,44000,849,10000,1300,9000,437678
712,10:21:09.360977,91330,32500,16700,895,72000,46454,42790,69790,44000,849,10000,1300,10000,438608
713,10:23:11.519060,91330,32500,16700,895,72000,46454,42790,69790,44000,849,10000,1200,10000,438508
714,10:25:13.704135,91330,32500,16894,895,72000,46454,42790,69995,44000,849,10000,1299,10000,439006
715,10:27:15.630487,91325,32500,16894,895,72000,46454,42790,69555,44000,849,10000,1299,10000,438561
716,10:29:17.962179,91325,32500,16894,895,72000,46454,43000,69555,44000,849,10000,1299,10000,438771
717,10:31:19.934480,91325,32500,16920,895,72000,47000,43100,69555,44000,849,10000,1299,10000,439443
718,10:33:21.986563,91325,32202,16920,895,72000,47000,43100,69555,44000,849,10000,1299,10000,439145
719,10:35:23.991872,91000,32000,16920,840,72000,47000,43000,69500,44000,849,10000,1299,10000,438408
720,10:37:26.282395,91000,32000,16920,840,72000,47000,43000,69500,44000,849,10000,1299,10000,438408
721,10:39:28.185398,90069,32500,16920,840,72000,47000,43000,69500,44000,849,10000,1299,10000,437977
722,10:41:31.882012,90069,32202,16920,840,72000,47000,43000,69500,44000,826,10000,1299,10000,437656
723,10:43:33.942248,91000,32500,16920,840,72000,47000,43000,69500,44000,826,10000,1299,10000,438885
724,10:45:35.905751,91000,31000,16920,895,72000,47000,42999,69500,42000,759,10000,1270,10000,435343
725,10:47:37.814132,90999,30969,16500,999,73000,46990,42990,69500,43900,900,10000,1300,10000,438047
726,10:49:39.800583,90999,32000,16920,950,73000,46990,42990,69500,43850,950,10000,1100,9999,439248
727,10:51:41.766512,90999,32500,16900,950,75000,46990,40390,69000,43850,950,10000,1100,9999,438628
728,10:53:43.825794,90000,32500,16900,950,76000,46990,42975,69000,43850,950,10000,1100,10000,441215
729,10:55:46.526368,90000,32500,16920,999,75900,46990,42975,69000,43800,950,10000,1100,10000,441134
730,10:57:48.370847,90000,32500,16920,999,75900,46989,42975,69000,43850,950,10000,1100,10000,441183
731,10:59:50.253662,89995,32500,16920,999,75900,46989,42975,68995,43850,950,10000,1100,10000,441173
732,11:01:52.400979,90000,32500,16900,999,75900,46989,42975,69000,43700,950,10000,1447,10000,441360
733,11:03:55.349064,90000,32500,16900,999,75900,46984,42975,69000,43700,939,10000,1447,10000,441344
734,11:05:56.683733,90000,32450,16900,999,75000,46984,42975,60000,43700,939,10000,1000,10000,430947
735,11:07:58.612576,90000,32500,16900,999,75000,46984,42975,68990,43700,950,10000,1450,10000,440448
736,11:10:02.302774,90999,32190,16900,999,75000,46989,42900,68990,43900,950,10000,1450,10000,441267
737,11:12:04.374060,90000,32500,16900,999,75000,46989,42900,69000,43900,950,10000,1450,10000,440588
738,11:14:06.909815,90000,32500,16900,999,73400,46000,42900,69000,43895,945,10000,1450,9995,437984
739,11:16:08.196799,90000,32500,16900,999,73400,46000,42900,69000,43895,945,10000,1500,10000,438039
740,11:18:10.096212,90999,32500,16900,999,73400,46000,42900,69000,43895,945,10000,1400,10000,438938
741,11:20:12.233790,90999,32500,16900,999,75000,46000,42900,69000,43895,945,10000,1269,10000,440407
742,11:22:14.217633,90999,32500,16900,999,75000,46000,42900,69000,43895,945,10000,1500,10000,440638
743,11:24:16.721817,90999,32500,16900,999,74995,46000,42499,68000,43895,945,10000,1500,10000,439232
744,11:26:18.531349,90999,32200,16900,999,74995,46000,42499,68000,43895,945,10000,1500,10000,438932
745,11:28:20.682790,90999,32500,16900,999,74995,45999,42499,68000,43895,945,10000,1500,10000,439231
746,11:30:22.674153,90999,32499,16899,999,74990,45999,42499,67999,43894,699,10000,1500,9999,438975
747,11:32:24.603185,90999,32499,16899,999,74990,45998,42499,67999,43894,699,10000,1500,9999,438974
748,11:34:26.604904,90999,32450,16899,999,74990,45998,42499,67999,43894,699,10000,1500,9999,438925
749,11:36:28.687676,90995,32500,16899,999,74990,45998,42494,67999,43894,699,9995,1400,9000,437862
750,11:38:32.502453,90995,32500,16800,1000,72500,45998,42494,67999,43894,699,9995,1600,9994,436468
751,11:40:34.445801,90995,32500,16800,1000,72500,45998,42494,67999,43894,699,9994,1600,9900,436373
752,11:42:36.536466,90995,32500,16800,1000,72500,45998,42494,67999,43894,699,9994,1600,9994,436467
753,11:44:38.484153,90995,32500,16800,800,72500,45998,42494,65000,43894,699,9000,1000,9994,431674
754,11:46:40.454042,90995,32500,16800,800,72500,45998,42494,67999,43894,699,9994,1000,9994,435667
755,11:48:42.487880,90995,32000,16800,800,72000,45000,42400,67999,43894,699,9995,1000,9994,433576
756,11:50:44.483274,90995,31000,16800,800,71900,45998,42400,67999,43894,699,9995,999,9990,433469
757,11:52:46.415793,90995,31000,16800,1000,72500,45998,42400,69000,43894,699,10000,1000,9989,435275
758,11:54:48.350965,90995,32500,16000,844,72500,46000,42000,69000,43894,699,9950,1000,9989,435371
759,11:56:50.239817,90995,32500,16800,1000,71900,46990,42400,69000,43800,699,10000,1599,9900,437583
760,11:58:52.155079,90995,32500,16800,1000,73000,46990,42400,69000,43800,699,10000,1599,9989,438772
761,12:00:54.250998,90995,32500,16800,1000,74995,46990,42400,69000,43894,699,10000,1599,9989,440861
762,12:02:56.340317,90995,32500,16750,844,74995,46990,42400,69555,43894,699,10000,1599,10000,441221
763,12:04:58.370586,90999,32500,16750,999,74995,46990,42499,70000,43894,699,10000,1599,10000,441924
764,12:07:01.899518,90999,32190,16900,999,74995,46990,42499,70000,43894,699,10000,1599,10000,441764
765,12:09:04.303487,90999,32500,16920,1000,75800,46990,42990,70000,43894,699,10000,1599,10000,443391
766,12:11:06.597240,90999,32500,16920,1000,75800,46990,42990,69999,43894,699,10000,1599,10000,443390
767,12:13:09.006495,90999,32500,16920,1000,75800,46990,42990,69999,43894,699,10000,1599,10000,443390
768,12:15:11.232846,90999,32500,16900,1000,75800,46990,42990,69999,43894,699,10000,1599,10000,443370
769,12:17:13.457111,90000,32500,16900,1000,75800,46990,42990,69499,43889,699,10000,1599,10000,441866
770,12:19:15.496013,90999,32450,16900,1000,75800,46990,42990,70000,43894,699,9999,1599,9999,443319
771,12:21:17.540869,90999,32499,16900,800,75800,46990,42990,70000,43650,699,10000,1447,10000,442774
772,12:23:19.694134,90994,32202,16920,800,75800,46990,42990,70000,43645,699,10000,1447,10000,442487
773,12:25:21.596322,90999,32500,16920,800,75800,46990,42990,70000,43645,699,10000,1447,10000,442790
774,12:27:23.926770,90994,32500,16920,800,76500,46990,42989,70000,43645,699,10000,1550,10000,443587
775,12:29:25.893677,90994,32500,16920,800,76500,46990,42985,69999,43645,699,10000,1550,10000,443582
776,12:31:27.812531,90994,32500,16920,800,76800,46990,42984,69999,43644,699,10000,1270,9500,443100
777,12:33:31.302874,89000,32500,16920,800,76800,46990,42888,69999,43644,699,9999,1270,9500,441009
778,12:35:33.407779,90994,32000,16920,800,76900,46990,42984,69999,41999,699,10000,1270,9500,441055
779,12:37:35.678492,91000,32500,16920,800,76765,46990,42984,69999,43645,699,10000,1270,9500,443072
780,12:39:37.551027,91325,32500,16920,795,76765,46990,43100,69999,43645,694,10000,1265,9500,443498
781,12:41:39.610712,89000,32500,16920,795,76900,46990,43100,69999,43645,998,10000,1270,9500,441617
782,12:43:41.660052,89000,31000,16920,800,76000,46990,43100,69994,43000,800,10000,1270,10102,438976
783,12:45:43.713658,91400,32500,16920,800,76900,46990,43100,69994,43645,800,9999,1000,10102,444150
784,12:47:45.728293,91430,30899,16920,840,75999,46990,43100,69994,43645,795,9999,995,10097,441703
785,12:49:47.765115,91500,32000,16920,840,74000,46990,43100,70950,43645,795,9999,1200,1020,432959
786,12:51:50.148093,91600,32500,16920,800,74000,46990,43100,70900,43645,795,10100,1200,10102,442652
787,12:53:52.309185,91600,31999,16920,800,73999,46990,43199,70899,43644,599,9999,1196,10099,441943
788,12:55:54.444922,91300,31500,16919,839,74000,47200,43199,70899,43644,795,9999,1196,10099,441589
789,12:57:57.361609,91300,32500,16919,1000,74000,47200,43199,70899,43644,795,9999,1196,10099,442750
790,13:00:01.121054,91600,32500,16919,1000,74000,47200,43199,70899,43644,795,10100,1550,10100,443506
791,13:02:03.230653,91400,32202,16919,850,74000,47200,43199,70899,43644,795,10107,1099,10102,442416
792,13:04:05.221873,90000,32202,16919,850,75000,47750,43199,70899,43644,795,9000,1099,10102,441459
793,13:06:07.335521,90000,32500,16919,850,75000,47751,43000,70900,44200,800,9000,1550,10102,442572
794,13:08:09.737205,90000,32500,16919,850,75000,47750,43000,70900,44000,800,9000,1550,10102,442371
795,13:10:12.361187,89500,32500,16919,1000,75000,45000,43000,70500,44000,800,10107,1550,10102,439978
796,13:12:14.312739,89000,32000,16918,842,74900,47750,42950,70500,43000,800,10105,1268,10000,440033
797,13:14:16.321672,89000,32500,16919,1000,74900,47899,42950,70500,44000,800,10000,1268,10000,441736
798,13:16:18.702438,89000,32500,16500,750,74900,47000,42950,70500,44000,800,10000,1268,10000,440168
799,13:18:20.668356,89000,32500,16919,950,74900,47000,42950,70500,44000,800,10000,1268,10000,440787
800,13:20:22.780914,89000,32500,16914,950,74800,46500,42950,70450,44000,950,9995,1268,9000,439277
801,13:22:24.818373,89000,32500,16914,950,74800,46500,42950,70000,44000,950,9995,1268,10000,439827
802,13:24:26.762773,89400,32500,16914,840,74800,46500,42950,70000,44000,830,9995,1550,10000,440279
803,13:26:30.496610,90000,32500,16914,840,74000,46800,42950,70000,40546,830,9995,1500,10000,436875
804,13:28:33.559745,90000,32202,16914,1000,74000,46800,42950,70000,44000,950,9995,1500,10000,440311
805,13:30:35.555610,90000,32500,16914,850,73000,46800,42383,70000,44000,850,9994,1500,10000,438791
806,13:32:37.778866,89000,30000,16914,850,74000,46800,42383,70000,43000,850,9994,1265,10000,435056
807,13:34:39.701444,90000,32500,16914,1000,74850,46999,42383,70450,43000,850,9994,1500,10000,440440
808,13:36:41.742499,90000,32500,16914,1000,74850,46999,42950,70450,44000,825,9994,1500,10000,441982
809,13:38:43.623751,90000,32500,16700,998,74850,46994,42950,70405,44000,825,9995,1500,10000,441717
810,13:40:45.897693,88000,32250,16700,900,74850,46994,42950,70405,44000,850,9995,1500,10000,439394
811,13:42:47.890908,89999,32250,16919,998,74850,46994,42950,70449,44200,850,9995,1500,10000,441954
812,13:44:49.273572,90000,31000,16919,998,74850,46994,42950,70449,42000,999,9995,1500,10000,438654
813,13:46:51.327807,91000,31000,16999,900,74850,46999,42950,70449,42000,999,9995,1500,10000,439641
814,13:48:54.437564,91000,32500,16999,1000,75199,47400,42950,70449,42000,999,9995,1500,10000,441991
815,13:50:56.387196,91000,32495,16900,1000,75199,47751,42950,70449,44270,999,9995,1500,10000,444508
816,13:52:58.325394,90000,32500,16999,1000,76750,47899,42950,70449,44270,825,9995,1500,10000,445137
817,13:55:01.971874,89950,32500,16888,1000,76750,47899,42950,70450,42990,825,9995,1500,10000,443697
818,13:57:04.081521,91000,32450,16888,1000,76750,47899,42950,70400,42990,825,9995,1500,9900,444547
819,13:59:06.338829,91000,32450,16920,1000,76699,47899,42950,70400,42990,825,9995,1500,9999,444627
820,14:01:08.473445,91000,32200,16850,1000,76699,47899,42950,70400,42900,825,9995,1200,9900,443818
821,14:03:10.779149,91000,32100,16850,1000,76699,47898,42950,70400,42900,825,9995,969,9900,443486
822,14:05:12.824525,91000,32000,16920,1000,76000,47899,42950,70400,44270,825,9995,1600,9900,444759
823,14:07:14.723091,91400,32000,16920,1000,76000,47900,43199,70500,44270,825,9995,1600,9900,445509
824,14:09:15.932700,91111,31990,16900,845,76699,47900,43190,70450,44190,740,9995,1265,9890,445165
825,14:11:17.965855,91111,32000,16500,845,76699,47654,43100,70000,44111,825,9995,1265,9900,444005
826,14:13:20.111549,91111,32500,16500,845,76699,47654,43100,70000,44111,825,9995,1265,9999,444604
827,14:15:22.122084,91111,32300,16490,1000,76699,47654,43000,70400,44000,825,9995,1265,9999,444738
828,14:17:24.182567,90900,31950,16490,1000,75700,47654,42900,70450,44111,740,9980,990,9800,442665
829,14:19:26.173764,90900,32300,16920,1000,75500,47000,42900,70450,44111,740,9995,1265,10000,443081
